Carrier,Title,State,Zip code,Hiring radius miles,Multi zip codes,Job Details,Pay Details,Equipment Details,Key Disqualifiers,Requirements
JB Hunt,Brattleboro VT | Tier 1,VT,5301,50,,"Category,Details
Job Description,Local delivery of fresh and frozen groceries to supermarkets and DCs within a 250-mile radius.
Freight Type,Reefer (Fresh and frozen groceries)
Driver Type,Company Driver
Home Time,Daily
Home Time Duration,Home daily
Dedicated Account?,Yes
Avg Weekly Miles,""1,600""
No Touch Freight,No (Assisted unload mixture)
Driver Load / Unload,Driver unload required at some locations (Pallet jack)","Category,Details
Average Weekly Pay,""$2,115 (Yearly average ~$110,000)""
CPM Range,$0.53 – $0.61 CPM
Stop Pay,$22.50 per stop
Short Haul Pay,N/A
Bonuses,$50/day ($250/week total if all 5 days are worked)
Training Pay,$200/day (New Hire); $20/hr (Safety Training)
Accessorial Pay,Detention ($15/hr after 1hr); Layover ($100/day)
Holiday Pay,$160/day","Category,Details
Equipment Type,Assigned automatic day cabs
Transmission Type,Automatics
Engine,Not Specified
Camera Orientation,""Front Facing, Event Only""
Bunks,None","Category,Details
SAP Drivers,Allowed (Must be at least 1 year old)
Teams Accepted,No
Owner Operators,Not Specified
Trainees,No","Category,Details
Experience Required,3 months
Endorsements,REAL ID CDL recommended (for military base deliveries)
Residency,Must have personal transportation to/from Brattleboro terminal
Shift / Schedule,Starts between 12:00 am – 5:00 am (12-hour shifts)
Work Days,Monday – Friday + every other Saturday
Hiring Area,""MA, NH, NY, VT"""
JB Hunt,Brattleboro VT | Tier 1,VT,5301,50,,"Category,Details
Job Description,Local delivery of fresh & frozen groceries to supermarkets and DCs within a 250-mile radius.
Freight Type,Reefer (Fresh & Frozen Groceries)
Driver Type,Company Driver
Home Time,Daily
Home Time Duration,Home daily; no take-home trucks allowed.
Dedicated Account?,Yes
Avg Weekly Miles,""1,600""
No Touch Freight,No (Mix of no-touch and assisted unload)
Driver Load / Unload,Driver unload required at some locations (Pallet jack)","Category,Details
Average Weekly Pay,""$1,730 (Yearly average $90,000)""
CPM Range,$0.53 – $0.61 per mile
Stop Pay,$22.50 per stop
Short Haul Pay,N/A
Bonuses,$50/day (Must work all 5 days to receive $250/week total)
Training Pay,$200/day (New Hire); $20/hr (Safety Training)
Accessorial Pay,Detention ($15/hr after 1hr); Layover ($100/day)
Holiday Pay,$160/day","Category,Details
Equipment Type,Assigned automatic day cabs
Transmission Type,Automatics
Engine,Not Specified
Camera Orientation,""Front Facing, Event Only""
Bunks,None","Category,Details
SAP Drivers,Allowed (Must be at least 1 year old)
Teams Accepted,No
Owner Operators,Not Specified
Trainees,No","Category,Details
Experience Required,3 months
Endorsements,REAL ID CDL recommended (for military base deliveries)
Residency,Must have personal transportation to/from Brattleboro terminal.
Shift / Schedule,Starts between 12:00 am – 5:00 am (Shift window).
Work Days,5-day work week; Sunday & Wednesday Off.
Hiring Area,""MA, NH, NY, VT"""
JB Hunt,C&S - Brattleboro VT | Tier 1 (Sun/Wed Off),VT,5301,50,,"Category,Details
Job Description,Local delivery of fresh & frozen groceries to supermarkets & distribution centers within a 250-mile radius. Runs Greater Boston; No NYC.
Freight Type,Reefer (Fresh & Frozen Groceries)
Driver Type,Company Driver
Home Time,Daily
Home Time Duration,Home daily; Trucks remain at project (no take-home).
Dedicated Account?,Yes
Avg Weekly Miles,""1,600""
No Touch Freight,No (Mix of no-touch and assisted unload)
Driver Load / Unload,Driver unload required at some locations (Electric pallet jack).","Category,Details
Average Weekly Pay,""$1,730 (Yearly average $90,000)""
CPM Range,$0.53 – $0.61 per mile
Stop Pay,$22.50 per stop
Daily Rate Bonus,$50/day (Must work all 5 days to receive $250/week total)
Training Pay,$200/day (New Hire); $20/hr (Safety Training)
Accessorial Pay,Detention ($15/hr after 1hr); Layover ($100/day); Refused Delivery ($22.50)
Holiday Pay,$160/day","Category,Details
Equipment Type,Assigned automatic day cabs
Transmission Type,Automatics
Engine,Not Specified
Camera Orientation,""Front Facing, Event Only""
Bunks,None","Category,Details
SAP Drivers,Allowed (Must be at least 1 year old)
Teams Accepted,No
Owner Operators,Not Specified
Trainees,No","Category,Details
Experience Required,3 months
Endorsements,REAL ID CDL recommended (for military base deliveries)
Residency,""Personal transportation required for commute to Brattleboro, VT.""
Shift / Schedule,Start window: 12:00 am – 5:00 am (12-hour shifts).
Work Days,5-day work week; Sunday & Wednesday Off.
Hiring Area,""MA, NH, NY, VT"""
JB Hunt,Ahold - Schodack Landing NY | Tier 1,NY,12156,50,,"Category,Details
Job Description,""Local dedicated delivery of palletized groceries. Operating within 250 miles of Albany, NY. No NYC.""
Freight Type,Dry Van & Reefer (Palletized)
Driver Type,Company Driver
Home Time,Daily
Home Time Duration,Home daily; trucks remain at the DC (no take-home).
Dedicated Account?,Yes
Avg Weekly Miles,Varies (Radius-based)
No Touch Freight,No
Driver Load / Unload,Driver Unload Required (Tailgate palletized freight using pallet jack).","Category,Details
Average Weekly Pay,""$1,857 (Yearly average $96,600)""
CPM Range,$0.76 – $0.78 CPM
Stop Pay,$40.00 per stop
Drop & Hook,$25.00 per drop
Daily Rate Bonus,$94/day (Must work all 5 days to receive)
Training Pay,$240/day (New Hire); $20/hr (Safety Training)
Holiday Pay,$200/day","Category,Details
Equipment Type,Automatic day cabs; 48' & 53' trailers.
Transmission Type,Automatics
Engine,Not Specified
Camera Orientation,""Front Facing, Event Only""
Bunks,None (Slip seat)","Category,Details
SAP Drivers,Allowed (Must be at least 1 year old)
Teams Accepted,No
Owner Operators,Not Specified
Trainees,No","Category,Details
Experience Required,3 months
Residency,""Must have personal transportation to/from Schodack Landing, NY.""
Shift / Schedule,Start window: 2100 – 0100 (Varied start times).
Work Days,Thursday – Monday; 6th day voluntary (mandatory during peak seasons).
Hiring Area,""CT, MA, NY, VT"""
JB Hunt,Ahold - Schodack Landing NY | Tier 1 (Fri-Tue Shift),NY,12156,50,,"Category,Details
Job Description,""Local dedicated delivery of palletized groceries for Ahold Delhaize. Operating within a 250-mile radius of Albany, NY. NO NYC.""
Freight Type,Dry Van & Reefer (Palletized)
Driver Type,Company Driver
Home Time,Daily
Home Time Duration,Home daily; trucks remain at the account (no take-home).
Dedicated Account?,Yes
Avg Weekly Miles,Varies (Radius-based)
No Touch Freight,No
Driver Load / Unload,Driver Unload Required (Assist tailgate palletized freight using provided pallet jack).","Category,Details
Average Weekly Pay,""$1,857 (Yearly average $96,600)""
CPM Range,$0.76 – $0.78 CPM
Stop Pay,$40.00 per stop
Drop & Hook,$25.00 per drop
Daily Rate Bonus,$94/day (Must work all 5 days to receive)
Training Pay,$240/day (New Hire); $20/hr (Safety Training)
Holiday Pay,$200/day
Off-Account Work,$225 – $400 per day (Depends on load nature)","Category,Details
Equipment Type,Automatic day cabs; 48' & 53' box/reefer trailers.
Transmission Type,Automatics
Engine,Not Specified
Camera Orientation,""Front Facing, Event Only""
Bunks,None (Slip seat assigned by seniority)","Category,Details
SAP Drivers,Allowed (Must be at least 1 year old)
Teams Accepted,No
Owner Operators,Not Specified
Trainees,No","Category,Details
Experience Required,3 months
Residency,""Personal transportation required to/from Nassau, NY daily.""
Shift / Schedule,Start window: 1900 – 0300 (Varies daily).
Work Days,Friday – Tuesday; 6th day voluntary (mandatory during high-volume seasons).
Hiring Area,""CT, MA, NY, VT"""
JB Hunt,Ahold - Chester NY | Tier 1,NY,10918,50,,"Category,Details
Job Description,""Local dedicated delivery of fresh and frozen groceries to supermarkets and DCs within a 250-mile radius. Includes NY, NJ, CT, and PA.""
Freight Type,Reefer (Fresh and frozen grocery)
Driver Type,Company Driver
Home Time,Daily
Home Time Duration,Home daily; trucks remain at the project (no take-home).
Dedicated Account?,Yes
Avg Weekly Miles,""1,409""
No Touch Freight,Mostly (Driver assist on some unloads)
Driver Load / Unload,Occasional Driver Unload","Category,Details
Average Weekly Pay,""$1,634 – $1,923 (Yearly $85k–$100k)""
CPM Range,$0.68 – $0.74 per mile
Stop Pay,$28.50 – $30.00 (Non-NYC); $62.50 (NYC Boroughs)
Short Haul Pay,N/A
Training Pay,$200/day (New Hire); $20/hr (Safety Training)
Accessorial Pay,Detention ($15/hr after 1-2 hrs); Truck Move ($50)
Holiday Pay,$280/day","Category,Details
Equipment Type,Day cab slip seat; 48 ft box reefer.
Transmission Type,Automatics and Manuals
Engine,Not Specified
Camera Orientation,""Front Facing, Event Only""
Bunks,None","Category,Details
SAP Drivers,Allowed (Must be at least 1 year old)
Teams Accepted,No
Owner Operators,Not Specified
Trainees,No
Restrictions,No Riders; No Pets","Category,Details
Experience Required,3 months
Special Restrictions,No NYC routes until 6 months on account and NYC training completed.
Residency,""Must have reliable personal transportation to Chester, NY DC.""
Shift / Schedule,Starts between 10 AM and 2 PM (12-hour shifts).
Work Days,Friday – Tuesday; Off Tuesday and Wednesday.
Hiring Area,""CT, NJ, NY, PA"""
Swift,Costco Mira Loma,CA,91752,30,,"Category,Details
Job Description,Dedicated local/regional runs for Costco. Drivers run within a 300-mile radius of Jurupa Valley.
Freight Type,Dry Van and Reefer
Driver Type,Company Driver
Home Time,Daily
Home Time Duration,Home Daily
Dedicated Account?,Yes
Avg Weekly Miles,""1,500 – 1,900""
No Touch Freight,Yes (98% Drop and Hook)
Driver Load / Unload,""Live Load, Live Unload, Drop and Hook""","Category,Details
Average Weekly Pay,""$1,100""
Day Guarantee,Average no less than $225 per day
CPM Range,Paid per completed trip
Short Haul Pay,N/A
Stop Pay,$10.00
Bonuses,No transition or hiring bonuses offered
Unload Pay,N/A","Category,Details
Equipment Type,Dry Van and Reefer
Transmission Type,""Automatics, Manuals""
Engine,Not Specified
Camera Orientation,""Front Facing, Event Only""
Bunks,None (Day cab service)","Category,Details
SAP Drivers,No
Teams Accepted,No
Owner Operators,No
Trainees,No","Category,Details
Experience Required,6 months (Listed as First Seat/Experienced)
Residency,Must live within 30 miles of 91752 (Jurupa Valley/Ontario)
Shift / Schedule,No set shifts or schedules. Must be able to drive both nights and days.
Work Days,""Must be able to work weekdays, weekends, and all holidays.""
Hiring Area,""Jurupa Valley/Ontario, CA area"""
Epes,Philip Morris local Chester VA,VA,23261,50,,"Category,Details
Job Description,Local switching and shuttle positions between manufacturing centers and warehouses.
Freight Type,Dry Van
Driver Type,Company Driver
Home Time,Daily
Home Time Duration,Home Daily
Dedicated Account?,Yes
Avg Weekly Miles,""1,000 – 1,250""
No Touch Freight,""Yes (Per """"Driver Unload: No"""")""
Driver Load / Unload,""No (Though listed as """"Labor Intensive"""" in profile summary)""","Category,Details
Average Weekly Pay,""$1,200 (Top performers $1,400 – $1,550)""
CPM Range,Hourly: $25.50
Short Haul Pay,N/A
Stop Pay,N/A
Bonuses,N/A
Unload Pay,N/A","Category,Details
Equipment Type,Day Cab Tandem Axle
Transmission Type,Automatics
Engine,Not Specified
Camera Orientation,""Front Facing, Event Only, Driver Facing""
Bunks,None (Assigned slip seat)","Category,Details
SAP Drivers,No
Teams Accepted,No
Owner Operators,Not Specified
Trainees,No","Category,Details
Experience Required,12 Months
Security Clearances,Must pass Philip Morris security clearances and extended background check.
Residency,""Commutable distance to Chester/Richmond, VA""
Shift / Schedule,1st Shift (11am–11pm) and 3rd Shift (11pm–11am)
Work Days,Sun–Fri (Friday shifts are extended 13-hour shifts closing the week)
Hiring Area,Virginia"
Epes,Cargill Gainesville GA Part Time,GA,30501,50,,"Category,Details
Job Description,Plant-to-plant shuttle and spotting trailers in a fast-paced yard operation. High endurance required.
Freight Type,Dry Van
Driver Type,Company Driver
Home Time,Daily
Home Time Duration,Home daily
Dedicated Account?,Yes
Avg Weekly Miles,N/A (Local spotting/shuttle)
No Touch Freight,Yes (No driver unload)
Driver Load / Unload,No","Category,Details
Average Weekly Pay,$640 avg (Part-Time)
CPM Range,Hourly: $26.00 (1st shift weekends) / $27.00 (2nd shift weekends)
Short Haul Pay,N/A
Stop Pay,N/A
Bonuses,$200 Quarterly Safety Bonus
Unload Pay,N/A","Category,Details
Equipment Type,Spotter / Yard Truck
Transmission Type,Automatics
Engine,Not Specified
Camera Orientation,""Front Facing, Event Only, Driver Facing""
Bunks,None (Slip seat)","Category,Details
SAP Drivers,No
Teams Accepted,No
Owner Operators,Not Specified
Trainees,No","Category,Details
Experience Required,12 Months
Physical Demands,Labor Intensive. Getting in/out of spotter continuously for 12hr shift in all weather conditions.
Residency,""Commutable distance to Gainesville, GA.""
Shift / Schedule,Weekends: Sat & Sun (0400-1600). Possible coverage during the week.
Work Days,Saturday & Sunday (Part-time status).
Hiring Area,Georgia"
Koch,KNL Tech II St. Paul 2nd Shift,MN,55117,50,,"Category,Details
Job Description,Diesel Technician II responsible for project work and advanced repairs on tractors and trailers.
Freight Type,N/A
Driver Type,Technician
Home Time,Daily
Home Time Duration,Home Daily
Dedicated Account?,N/A
Avg Weekly Miles,N/A
No Touch Freight,N/A
Labor Intensive,Yes (Advanced mechanical repairs)","Category,Details
Average Weekly Pay,Hourly (Based on experience)
Shift Differential,+$5.00/hour for 2nd shift hours.
Weekend Differential,+50% of base pay per hour.
Bonuses,""$7,500 Sign-on Bonus (Diesel Tech II); $10,000 (Reefer Tech).""
Quarterly Bonus,Yes
Allowances,""$300/yr Boot reimbursement; $1,200/yr Tool allowance.""","Category,Details
Equipment Type,""Tractors, Trailers, and Reefers""
Transmission Type,N/A
Engine,Diesel
Camera Orientation,N/A
Shop Environment,Clean and well-maintained facility.","Category,Details
SAP Drivers,No
Teams Accepted,No
Owner Operators,No
Trainees,No","Category,Details
Experience Required,2+ years of tractor maintenance experience preferred.
Education,High school diploma or equivalent; Associate's degree preferred.
Skill Level,Ability to independently complete advanced repairs.
Shift / Schedule,2nd Shift: Monday – Friday (3:30 PM – 12:00 AM).
Work Days,Monday – Friday
Hiring Area,""St. Paul, MN area (listing mentions MI/WI/MN)"""
Koch,KNL Tech II St. Paul 1st Shift,MN,55117,,,"Category,Details
Job Description,""Diesel Technician II responsible for project and repair work on tractors and trailers in a clean, well-maintained shop environment.""
Freight Type,N/A
Driver Type,Technician
Home Time,Daily
Home Time Duration,Home Daily
Dedicated Account?,N/A
Avg Weekly Miles,N/A
No Touch Freight,N/A
Labor Intensive,Yes (Advanced mechanical repairs)","Category,Details
Average Weekly Pay,Hourly (Based on experience)
Weekend Differential,+50% base pay per hour for Saturday hours.
Bonuses,""$7,500 Sign-on Bonus (Diesel Tech II); $10,000 (Reefer Tech).""
Quarterly Bonus,Yes
Allowances,""$300/yr Boot reimbursement; $1,200/yr Tool allowance.""
Training Pay,Paid ongoing training and development.","Category,Details
Equipment Type,""Tractors, Trailers, and Reefers""
Transmission Type,N/A
Engine,Diesel
Camera Orientation,N/A
Bunks,None","Category,Details
SAP Drivers,No
Teams Accepted,No
Owner Operators,No
Trainees,No","Category,Details
Experience Required,2+ years of tractor maintenance experience preferred.
Education,High school diploma or equivalent; Associate's degree preferred.
Skill Level,Ability to independently complete advanced repairs.
Shift / Schedule,1st Shift: Wednesday – Saturday (10-hour shifts).
Work Hours,5:30 AM – 4:00 PM.
Hiring Area,""St. Paul, MN area (listing mentions MI/WI/MN)"""
Koch,Koch Harding Minneapolis 1st Shift,MN,55413,,,"Category,Details
Job Description,""Diesel Technician II responsible for project and repair work on tractors and trailers in a clean, professional shop environment.""
Freight Type,N/A
Driver Type,Technician
Home Time,Daily
Home Time Duration,Home Daily
Dedicated Account?,N/A
Avg Weekly Miles,N/A
No Touch Freight,N/A
Labor Intensive,Yes (Advanced mechanical repairs)","Category,Details
Average Weekly Pay,Hourly (Based on experience)
Weekend Differential,+50% base pay per hour for Sunday hours.
Bonuses,""$7,500 Sign-on Bonus (Diesel Tech II); $10,000 (Reefer Tech).""
Quarterly Bonus,Yes
Allowances,""$300/yr Boot reimbursement; $1,200/yr Tool allowance.""
Holiday Pay,6 Paid Holidays + 3 Floating; 1.5x pay for working holidays.","Category,Details
Equipment Type,""Tractors, Trailers, and Reefers""
Transmission Type,N/A
Engine,Diesel
Camera Orientation,N/A
Shop Environment,Clean and well-maintained facility with modern tools.","Category,Details
SAP Drivers,No
Teams Accepted,No
Owner Operators,No
Trainees,No","Category,Details
Experience Required,2+ years of tractor maintenance experience preferred.
Education,High school diploma or equivalent; Associate's degree preferred.
Skill Level,Ability to independently complete advanced repairs.
Shift / Schedule,1st Shift: Sunday – Wednesday (10-hour shifts).
Work Hours,7:00 AM – 5:30 PM.
Hiring Area,""Minneapolis, MN area (listing mentions MI/WI/MN)"""
CR England,"Kroger - Denver, CO",CO,80011,50,,"Category,Details
Job Description,""Delivering refrigerated grocery loads from the Aurora DC to King Soopers stores in CO, Southern WY, and Eastern UT.""
Freight Type,Refrigerated (Reefer training provided)
Driver Type,Company Driver
Home Time,Daily (Local)
Home Time Duration,Local: Home daily (occasional surge overnights); Regional: 34-hr reset.
Dedicated Account?,Yes
Avg Weekly Miles,""1,700""
No Touch Freight,Yes
Driver Load / Unload,Mixture of live load/unload and drop-and-hook.","Category,Details
Average Weekly Pay,""$1,411 (Top performers $1,581)""
CPM Range,$0.70 – $0.80 CPM (Based on tenure)
Stop Pay,$17.00 per stop (Avg 13 stops/week)
Hourly Detention,$24.00/hr after 2 hours (Up to $150)
Mountain Bonus,""$1,000/mo Winter Mountain Bonus (Nov-Mar) - Regional Only.""
Safety Bonus,""Up to 3% additional for safe, on-time deliveries.""","Category,Details
Equipment Type,Mostly 2025 trucks
Transmission Type,Automatics (Equipped with auto-chains)
Engine,Not Specified
Camera Orientation,""Front Facing, Event Only""
Bunks,Sleeper for Regional; Day cab for Local (implied)","Category,Details
SAP Drivers,No
Teams Accepted,No
Owner Operators,No
Trainees,No","Category,Details
Experience Required,3 months
Schedule,No set schedule; 24/7 operation; requires 70-hour weekly commitment.
Interview,Over the phone interview required.
Orientation,Held in Salt Lake City (SLC) or Remote (4–5 days).
Residency,""Must live within hiring radii of Aurora or Rifle, CO.""
Hiring Area,""Colorado, Southern Wyoming"""
Swift,"Intermodal - Chicago, IL Regional",IL,,75,"54956, 50613, 49508, 46201","Category,Details
Job Description,""Regional Intermodal operation running through IA, WI, MI, and IN. Features less inner-city driving.""
Freight Type,""Container (Intermodal), Dry Van, Flatbed, Reefer""
Driver Type,Company Driver
Home Time,Twice a week
Home Time Duration,Not home daily; regional schedule.
Dedicated Account?,Yes (DED-INT)
Avg Weekly Miles,""1,500 – 2,000""
No Touch Freight,Yes
Driver Load / Unload,No","Category,Details
Average Weekly Pay,""$1,200 – $1,500""
CPM Range,$0.62 CPM base
Night Differential,""+$0.06 CPM (Mon–Fri, 7 PM–4 AM)""
Weekend Differential,+$0.12 CPM (Fri 7 PM–Mon 4 AM)
Stop / Load Pay,$20.00 per load
Bonuses,No Bonus Offer listed
Unload Pay,N/A","Category,Details
Equipment Type,Day Cab or Sleeper (No slip seat)
Transmission Type,""Automatics, Manuals""
Engine,Not Specified
Camera Orientation,""Front Facing, Event Only""
Bunks,Yes (Regional status)","Category,Details
SAP Drivers,No
Teams Accepted,Yes
Owner Operators,No
Trainees,No","Category,Details
Experience Required,6 months (Needs sheet requirement)
Endorsements,Hazmat preferred but not required
Residency,Must live within 75 miles of hiring zip codes
Shift / Schedule,Both Day/Night available
Work Days,Weekend and Holiday work required if on scheduled day
Hiring Area,""IA, IL, IN, WI"""
Swift,Intermodal - PA Regional,PA,17104,,,"Category,Details
Job Description,""Regional Intermodal operation based out of Jonestown, PA, serving the East Coast lane.""
Freight Type,""Container (Rail), Dry Van, Flatbed, Reefer""
Driver Type,Company Driver
Home Time,Twice a week
Home Time Duration,Regional schedule (not home daily).
Dedicated Account?,Yes (DED-INT)
Avg Weekly Miles,""1,800""
No Touch Freight,Yes
Driver Load / Unload,""Live Load, Live Unload, Drop and Hook""","Category,Details
Average Weekly Pay,""$1,800""
CPM Range,$0.62 CPM
Short Haul Pay,$40 added for any loaded trip under 99 miles
Stop Pay,No stop pay
Bonuses,No bonus offer listed
Unload Pay,N/A","Category,Details
Equipment Type,Rail Container
Transmission Type,""Automatics, Manuals""
Engine,Not Specified
Camera Orientation,""Front Facing, Event Only""
Bunks,Yes (Regional status)","Category,Details
SAP Drivers,No
Teams Accepted,Yes
Owner Operators,No
Trainees,No","Category,Details
Experience Required,6 months (Needs sheet requirement)
Endorsements,None required
Residency,Must live within 50 miles of Jonestown/Harrisburg area
Shift / Schedule,Both Day/Night available
Work Days,Weekend work required; Holiday work required if on scheduled day
Hiring Area,""Pennsylvania, Maryland"""
JB Hunt,Central States - Tooele UT | Tier 1,UT,84074,,,"Category,Details
Job Description,Semi-local delivery of metal roofing and siding on curtainside flatbeds throughout the Western US.
Freight Type,Flatbed (Curtainside)
Driver Type,Company Driver
Home Time,Semi-Local
Home Time Duration,Average 2–3 layovers per week.
Dedicated Account?,Yes
Avg Weekly Miles,""2,350""
No Touch Freight,No (Strapping/Unstrapping and Moffett usage)
Driver Load / Unload,Driver straps/unstraps; occasional unloading with Moffett forklift.","Category,Details
Average Weekly Pay,""$1,673 (Yearly $87,000+)""
CPM Range,$0.59 – $0.63 CPM
Short Haul Pay,N/A
Stop Pay,Not Specified (Average 4 stops per week)
Bonuses,Yearly $0.01 CPM increases until max of $0.63
Unload Pay,N/A","Category,Details
Equipment Type,""Assigned automatic sleeper trucks (Peterbilt, Freightliner, International)""
Transmission Type,Automatics
Trailer Type,Curtainside flatbed
Camera Orientation,""Front Facing, Event Only""
Bunks,Yes (Sleeper)","Category,Details
SAP Drivers,Allowed (Must be at least 1 year old)
Teams Accepted,No
Owner Operators,No
Trainees,No
Restrictions,No Riders; No Pets","Category,Details
Experience Required,3 months (Flatbed experience preferred)
Special Skills,Must be able to chain as weather dictates and run mountain routes.
Physical Demands,Operating curtainside systems and strapping loads.
Shift / Schedule,Monday – Saturday; Start times 06:00 am – 10:00 am.
Hiring Area,Utah"
JB Hunt,"Meijer - Tipp City, OH | Tier 1",OH,45371,,,"Category,Details
Job Description,Semi-local grocery delivery for Meijer stores. Mixture of 75% regional and 25% local runs covering the Midwest.
Freight Type,Dry Van & Reefer (Grocery)
Driver Type,Company Driver
Home Time,Semi-Local
Home Time Duration,Out 2–3 nights per week; 2 consecutive days off weekly.
Dedicated Account?,Yes
Avg Weekly Miles,""2,500""
No Touch Freight,Yes
Driver Load / Unload,No (85-90% Drop & Hook)","Category,Details
Average Weekly Pay,""$1,615 – $1,730 (Yearly $84k–$90k)""
Regional CPM,$0.63 CPM (Increases to $0.66 at 3 years)
Local CPM,$0.725 CPM (Increases to $0.745 at 3 years)
Stop Pay,$20 (Regional); $30 (Local); $30 (Backhaul)
Availability Bonus,$100/week (Must meet attendance/availability rules)
Training Pay,Paid at mileage/stop tiers
Accessorial Pay,Breakdown ($25/hr after 2 hrs); Safety ($20/hr)","Category,Details
Equipment Type,Single bunk sleeper trucks
Transmission Type,""Automatics, Manuals""
Engine,Not Specified
Camera Orientation,""Front Facing, Event Only""
Bunks,Yes (Single Bunk)","Category,Details
SAP Drivers,Allowed (Must be at least 1 year old)
Teams Accepted,No
Owner Operators,No
Trainees,No
Restrictions,No Riders; No Pets","Category,Details
Experience Required,3 months
Endorsements,Hazmat required within 90 days (Reimbursed)
Residency,Trucks stay at the Tipp City account during home time.
Shift / Schedule,02:00 AM Start Time.
Work Days,Includes one weekend day (usually); work holidays if scheduled.
Hiring Area,""Ohio, Indiana"""
JB Hunt,"Meijer - Tipp City, OH | Tier 1 (Night Shift)",OH,45371,,,"Category,Details
Job Description,""Semi-local grocery delivery for Meijer stores. Runs are a mix of 75% regional and 25% local, covering IL, IN, WI, OH, and MI.""
Freight Type,Dry Van & Reefer (Grocery)
Driver Type,Company Driver
Home Time,Semi-Local
Home Time Duration,Out 2–3 nights per week; 2 consecutive days off weekly.
Dedicated Account?,Yes
Avg Weekly Miles,""2,500""
No Touch Freight,Yes
Driver Load / Unload,No (85% Drop & Hook)","Category,Details
Average Weekly Pay,""$1,615 – $1,730 (Yearly $84k–$90k)""
Regional CPM,$0.63 CPM (Increases to $0.66 at 3 years)
Local CPM,$0.725 CPM (Increases to $0.745 at 3 years)
Stop Pay,$20 (Regional); $30 (Local); $30 (Vendor Backhaul)
Availability Bonus,$100/week (Must meet attendance/availability rules)
Training Pay,Mileage + stop pay for 3 days
Accessorial Pay,Breakdown ($25/hr after 2 hrs); Safety ($20/hr)","Category,Details
Equipment Type,Single bunk sleeper trucks
Transmission Type,""Automatics, Manuals""
Engine,Not Specified
Camera Orientation,""Front Facing, Event Only""
Bunks,Yes (Single Bunk)","Category,Details
SAP Drivers,Allowed (Must be at least 1 year old)
Teams Accepted,No
Owner Operators,No
Trainees,No
Restrictions,No Riders; No Pets","Category,Details
Experience Required,3 months
Endorsements,Hazmat required within 90 days (Reimbursed)
Residency,Trucks stay at the account in Tipp City during home time.
Shift / Schedule,Tuesday – Saturday; 10:00 PM (2200) Start Time.
Work Days,Tuesday – Saturday; work holidays if scheduled.
Hiring Area,""Ohio, Indiana"""
JB Hunt,"Siegwerk - Des Moines, IA",IA,50321,,,"Category,Details
Job Description,""Semi-local hauling of ink and other chemicals in tanker, reefer, or van trailers.""
Freight Type,""Tanker, Reefer, Dry Van (Ink/Chemicals)""
Driver Type,Company Driver
Home Time,Semi-Local
Home Time Duration,Weekly for reset and 1–2 times per week.
Dedicated Account?,Yes
Avg Weekly Miles,""2,300""
No Touch Freight,Yes
Driver Load / Unload,No (Live unloads handled by receiver; all outbound pre-loaded).","Category,Details
Average Weekly Pay,""$1,679 – $1,923 (Yearly $87k–$100k)""
CPM Range,$0.57 – $0.58 CPM
Stop Pay,$40 per stop; $80 per Tanker stop
Bonuses,""$1,000 Show Bonus; Weekly Safety/Service bonus up to $200""
Accessorial Pay,Breakdown ($15/hr)
Paid Holidays,6","Category,Details
Equipment Type,Automatic International sleepers; Sleeper Conventional
Transmission Type,Automatics
Engine,Not Specified
Camera Orientation,""Front Facing, Event Only""
Bunks,Yes (Sleeper)","Category,Details
SAP Drivers,Allowed (Must be at least 1 year old)
Teams Accepted,No
Owner Operators,No
Trainees,No
Restrictions,No Riders; No Pets","Category,Details
Experience Required,3 months
Endorsements,Hazmat required to schedule; Tanker required before start date.
Schedule,Sunday – Thursday; Start window 12:00 PM – 5:00 PM.
Operating Area,""IA, IL, IN, MO, KY, SC, NC, OH, WI, TX, PA, MN, KS, OK, MI, TN""
Hiring Area,Iowa"
JB Hunt,"Meijer - Lansing, MI",MI,48917,,,"Category,Details
Job Description,""Semi-local retail store deliveries for Meijer. Includes shuttling between Lansing, MI and Pleasant Prairie, WI.""
Freight Type,Retail Store Deliveries (Dry Van)
Driver Type,Company Driver
Home Time,Semi-Local
Home Time Duration,Out 2–3 nights per week; Sunday and Monday off.
Dedicated Account?,Yes
Avg Weekly Miles,""2,500""
No Touch Freight,Yes
Driver Load / Unload,No (85% Drop & Hook)","Category,Details
Average Weekly Pay,""$1,615 – $1,730 (Yearly $84k–$90k)""
CPM Range,$0.63 – $0.75 CPM (Based on regional/local mix)
Stop Pay,$20.00
Pay Tiers,75% regional (200+ miles); 25% local
Training Pay,$125 (Paid online orientation)
Paid Holidays,6","Category,Details
Equipment Type,Single Bunk Sleeper
Transmission Type,""Automatics, Manuals""
Engine,Not Specified
Camera Orientation,""Front Facing, Event Only""
Bunks,Yes (Single Bunk)","Category,Details
SAP Drivers,Allowed (Must be at least 1 year old)
Teams Accepted,No
Owner Operators,No
Trainees,No
Restrictions,No Riders; No Pets","Category,Details
Experience Required,3 months
Endorsements,Hazmat required within 90 days (Reimbursed)
Residency,Trucks stay at the account in Lansing during home time.
Shift / Schedule,Tuesday – Saturday; 10:00 AM Start Time.
Work Days,Tuesday – Saturday; Sunday/Monday off.
Hiring Area,Michigan"
Swift,Smithfield - Regional,UT,84118,200,,"Category,Details
Job Description,""Regional dedicated reefer lane running Sioux Falls, SD to Salt Lake City, UT.""
Freight Type,Refrigerated (DED-REF)
Driver Type,Company Driver
Home Time,Every Two Weeks
Home Time Duration,Over the road / Regional (out 14 days).
Dedicated Account?,Yes
Avg Weekly Miles,""2,800 – 3,800""
No Touch Freight,Yes
Driver Load / Unload,""No (Live Unload, Preload)""","Category,Details
Average Weekly Pay,""$1,300""
CPM Range (Teams),$0.65 – $0.72 CPM plus bonus
CPM Range (Mentors),$0.51 – $0.62 CPM plus bonus
Short Haul Pay,No short haul pay
Stop Pay,$25.00
Bonuses,Swift Driver Performance Bonus
Unload Pay,N/A","Category,Details
Equipment Type,Sleeper trucks
Transmission Type,""Automatics, Manuals""
Engine,Not Specified
Camera Orientation,""Front Facing, Event Only""
Bunks,Double (Team required)","Category,Details
Solo Drivers,CLOSED (Mentors and Teams only)
SAP Drivers,No
Teams Required,YES (Must have a teammate)
Owner Operators,No
Trainees,No","Category,Details
Experience Required,1 year (Experienced)
Endorsements,None required
Residency,Within 200 miles of Salt Lake City (84118)
Shift / Schedule,Both Day/Night; Weekend work required
Work Days,Every 2 weeks home; must work Thanksgiving or Christmas
Hiring Area,""CA, CO, ID, KS, NE, NV, SD, UT, WY"""
Swift,Georgia Pacific - Regional,"AL, FL, MS, SC",,,,"Category,Details
Job Description,Regional dry van freight primarily serving the Southeast and Mid-South regions.
Freight Type,Dry Van (DED-DRY)
Driver Type,Company Driver
Home Time,Once a week
Home Time Duration,Weekly home time.
Dedicated Account?,Yes
Avg Weekly Miles,""2,100 – 2,300""
No Touch Freight,Yes
Driver Load / Unload,No","Category,Details
Average Weekly Pay,""$1,100 – $1,300""
CPM Range,$0.55 CPM
Short Haul Pay,$40 for loads under 100 miles
Stop Pay,NO STOP PAY
Bonuses,""$100 (Based on availability, service, and safety)""
Unload Pay,N/A","Category,Details
Equipment Type,Sleeper trucks
Transmission Type,""Automatics, Manuals""
Engine,Not Specified
Camera Orientation,""Front Facing, Event Only""
Bunks,Yes","Category,Details
SAP Drivers,No
Teams Accepted,NO (Closed)
Owner Operators,NO
Trainees,""YES (Note: Needs sheet says No, Account Overview says Yes)""","Category,Details
Experience Required,6 months (Needs sheet requirement)
Endorsements,None required
Residency,""Must live within 50 miles of hub cities in AL, FL, MS, or SC""
Shift / Schedule,Both Day/Night available
Work Days,Weekend work required; All holidays except Christmas
Hiring Area,""AL, FL, MS, SC"""
Swift,"Great Lakes Regional – Gary, IN",IN,46406,300,,"Category,Details
Job Description,""Regional OTR freight operating across the Central, East, and North Central regions. Based out of Gary, IN.""
Freight Type,Dry Van (OTR-DRY)
Driver Type,Company Driver
Home Time,Every two weeks
Home Time Duration,14 days out; Regional OTR schedule.
Dedicated Account?,No (General Freight)
Avg Weekly Miles,""1,700 – 2,400""
No Touch Freight,Yes
Driver Load / Unload,""No (Mix of live load/unload, preload, and drop & hook)""","Category,Details
Average Weekly Pay,""$1,100 – $1,500""
CPM Range,$0.56 CPM (Starting) up to $0.65 CPM
Short Haul Pay,Not Specified
Stop Pay,Not Specified
Bonuses,""Driver Ranking Bonus (Safety, performance, and tenure)""
Unload Pay,N/A","Category,Details
Equipment Type,Dry Van trailers
Transmission Type,""Automatics, Manuals""
Engine,Not Specified
Camera Orientation,""Front Facing, Event Only""
Bunks,Yes (Sleeper)","Category,Details
SAP Drivers,No
Teams Accepted,Not Specified
Owner Operators,Not Specified
Trainees,Yes (Accepted)","Category,Details
Experience Required,0 – 6 months (Open to Trainees and First Seat)
Endorsements,None required
Residency,""Must live within 300 miles of Gary, IN (46406)""
Shift / Schedule,""Multiple options: Day, Night, Rotation, Sun-Thu, or Tue-Sat""
Operating Area,""Central US (KS to PA, MN to GA)""
Hiring Area,""IA, IL, IN, KY, MI, MN, MO, OH, WI"""
Swift,"Walmart – Harrisonville, MO",MO,64701,200,,"Category,Details
Job Description,""Dedicated grocery account hauling reefer and dry van loads to Springfield, St. Joe, and Topeka.""
Freight Type,Reefer & Dry Van (DED-WAL GRO)
Driver Type,Company Driver
Home Time,Weekly
Home Time Duration,34-hour restarts.
Dedicated Account?,Yes
Avg Weekly Miles,Consistent (Option to run 6 days/week)
No Touch Freight,Yes
Driver Load / Unload,No","Category,Details
Average Weekly Pay,""$1,100 – $1,200""
CPM Range,$0.49 (0 months) – $0.60 (3 years)
Short Haul Pay,Not Specified
Stop Pay,Not Specified
Bonuses,""Driver Ranking Bonus (Safety, performance, and tenure)""
Unload Pay,N/A","Category,Details
Equipment Type,Reefer and Dry Van trailers
Transmission Type,""Automatics, Manuals""
Engine,Not Specified
Camera Orientation,""Front Facing, Event Only""
Bunks,Yes (Sleeper)","Category,Details
SAP Drivers,No
Teams Accepted,Prior approval needed (Solo-focused)
Owner Operators,Yes
Trainees,Yes (Accepted per Job Details; Note: Needs sheet says No)","Category,Details
Experience Required,12 months (per Needs Sheet)
Endorsements,None required
Residency,""Must live within 51–200 miles of Harrisonville, MO""
Shift / Schedule,Nights only; Weekend and Holiday work required
Dress Code,""No long nails, heels, or open-toe shoes""
Hiring Area,""KS, MO, AR, IA, IL, NE, OK"""
Swift,"Walmart – Corinne, UT Regional",UT,84307,,,"Category,Details
Job Description,""High-pace, demanding 24/7 dedicated grocery operation. All loads are round trips starting from the Corinne hub.""
Freight Type,Reefer (3-zone roll door) & Dry Van
Driver Type,Company Driver
Home Time,Once a week
Home Time Duration,Weekly home time.
Dedicated Account?,Yes
Avg Weekly Miles,""2,500 – 3,000""
No Touch Freight,Yes
Driver Load / Unload,No","Category,Details
Average Weekly Pay,""$1,000 – $1,500 (Yearly $60k – $75k)""
CPM Range,""Varies (Refer to """"Walmart Corinne PAY"""" PDF for specifics)""
Short Haul Pay,$20 for loads under 250 miles
Stop Pay,""$10 for 1st stop, $15 per stop thereafter""
Bonuses,""Driver Ranking Bonus (Safety, performance, and tenure)""
Unload Pay,N/A","Category,Details
Equipment Type,Automatic sleeper trucks
Transmission Type,Automatics (listed in Job Details)
Engine,Not Specified
Camera Orientation,""Front Facing, Event Only""
Bunks,Yes (Sleeper)","Category,Details
SAP Drivers,No
Teams Accepted,Yes
Owner Operators,Yes
Trainees,Yes (Accepted)","Category,Details
Experience Required,0 – 6 months (Open to Trainees)
Endorsements,None required
Shift / Schedule,Both Day/Night available; 24/7 operation
Work Days,Weekend and Holiday work required
Hiring Area,""CO, ID, UT, WY (Specific cities like SLC, St. George, Idaho Falls)"""
Swift,Kraft - Eastern Regional,"IA, IL, OH",,,,"Category,Details
Job Description,""Dedicated Kraft dry van freight hauling core lanes between IA, IL, and OH with occasional CA outbound.""
Freight Type,Dedicated Dry Van
Driver Type,Company Driver
Home Time,Weekly
Home Time Duration,34-hour restarts.
Dedicated Account?,Yes
Avg Weekly Miles,""2,200""
No Touch Freight,Yes (Preloaded/Drop & Hook focus)
Driver Load / Unload,No (Mix of live load/unload and drop & hook)","Category,Details
Average Weekly Pay,""$1,300""
CPM Range,$0.60 (0–6 mo) up to $0.70 (97+ mo)
Short Haul Pay,Not Specified
Stop Pay,Not Specified
Bonuses,""Driver Ranking Bonus (Safety, performance, and tenure)""
Unload Pay,N/A","Category,Details
Equipment Type,Dry Van
Transmission Type,""Automatics, Manuals""
Engine,Not Specified
Camera Orientation,""Front Facing, Event Only""
Bunks,Yes (Sleeper)","Category,Details
SAP Drivers,No
Teams Accepted,Limited (Solo-focused)
Owner Operators,Not Specified
Trainees,No (Per Needs Sheet; Job Details say yes)","Category,Details
Experience Required,6 months (Per Needs Sheet)
Endorsements,None required
Residency,""Commutable distance to terminals in IA, IL, or OH""
Shift / Schedule,Both Day/Night available
Work Days,Weekend work required; holidays based on capacity needs
Hiring Area,""IL, IN, MI, OH, WI"""
Swift,Georgia Pacific – Rincon,"GA, SC",31326,25,,"Category,Details
Job Description,""Dedicated dry van freight serving the East region. Hubs include Savannah, McDonough, Darlington, and Big Island.""
Freight Type,Dry Van (DED-DRY)
Driver Type,Company Driver
Home Time,Once a week
Home Time Duration,Weekly home time.
Dedicated Account?,Yes
Avg Weekly Miles,""1,600""
No Touch Freight,Yes
Driver Load / Unload,""No (Mix of live load/unload, preload, and drop & hook)""","Category,Details
Average Weekly Pay,""$1,100 – $1,300""
CPM Rate,$0.64 CPM
Short Haul Pay,$40 for loads under 100 miles
Stop Pay,NO STOP PAY
Bonus Offer,""$225 (Weekly performance, safety, and service bonus)""
Unload Pay,N/A","Category,Details
Equipment Type,Dry Van
Transmission Type,""Automatics, Manuals""
Engine,Not Specified
Camera Orientation,""Front Facing, Event Only""
Bunks,Yes (Sleeper)","Category,Details
SAP Drivers,No
Teams Accepted,NO (Closed)
Owner Operators,NO
Trainees,NO","Category,Details
Experience Required,6 months (First Seat)
Endorsements,None required
Residency,""Must live within 25 miles of Savannah, GA or Charlotte, NC""
Shift / Schedule,Both Day/Night available
Work Days,Weekend work required; all holidays except Christmas
Hiring Area,""GA, SC"""
Swift,625 - Automotive,MI,,200,"48134, 48164","Category,Details
Job Description,""Dedicated OTR automotive freight. Runs outbound from MI, then worked back to MI from various delivery locations.""
Freight Type,Dry Van (OTR-DRY)
Driver Type,Company Driver
Home Time,Every two weeks
Home Time Duration,14 days out; 34-hour restarts.
Dedicated Account?,Yes
Avg Weekly Miles,""1,500 – 2,100""
No Touch Freight,Yes
Driver Load / Unload,""No (Mix of live load/unload, preload, and drop & hook)""","Category,Details
Average Weekly Pay,""$1,200 – $1,500""
CPM Range,Standard OTR Pay Scale
Short Haul Pay,Same as OTR
Stop Pay,$15.00
Bonuses,Swift Driver Performance Bonus
Unload Pay,N/A","Category,Details
Equipment Type,Dry Van
Transmission Type,""Automatics, Manuals""
Engine,Not Specified
Camera Orientation,""Front Facing, Event Only""
Bunks,Yes (Sleeper)","Category,Details
SAP Drivers,No
Teams Accepted,NO (Closed)
Owner Operators,Yes
Trainees,Yes (Accepted)","Category,Details
Experience Required,0 – 6 months (Open to Trainees)
Endorsements,None required
Residency,""Must live within 200 miles of New Boston or Brownstown, MI""
Shift / Schedule,Both Day/Night available
Running Areas,""New Boston, Brownstown, Marysville, Toledo, Flint, Battle Creek""
Hiring Area,""IN, MI, NY, OH, PA, WV"""
Swift,"Dollar Tree – Berwick, PA",PA,,,"18603, 21220, 21078, 21074, 17603","Category,Details
Job Description,Dedicated Dollar Tree account involving high-volume physical unloads and night driving.
Freight Type,Dry Van (DED-DRY)
Driver Type,Company Driver
Home Time,Once a week
Home Time Duration,Weekly home time; 34-hour restarts.
Dedicated Account?,Yes
Avg Weekly Miles,""1,000""
No Touch Freight,NO
Driver Load / Unload,""Driver Unload Required (Full hand unload; 5,000+ pieces).""","Category,Details
Average Weekly Pay,""$1,600 – $1,900""
CPM Range,$1.10 per mile
Unload Pay,$270.00 per load
Stop Pay,$17.00 per stop
Bonuses,""Driver Ranking Bonus (Safety, performance, and tenure)""
Training Pay,$300 (Paid online orientation)","Category,Details
Equipment Type,Dry Van
Transmission Type,""Automatics, Manuals""
Engine,Not Specified
Camera Orientation,""Front Facing, Event Only""
Bunks,Yes (Sleeper)","Category,Details
SAP Drivers,No
Teams Accepted,Not Specified
Owner Operators,Not Specified
Trainees,No (First Seat/Experienced Only)","Category,Details
Experience Required,6 months (Per Needs Sheet)
Physical Demands,""Extremely High. Must be able to handle 5,000+ piece physical unloads.""
Skill Requirements,Must be comfortable with night driving and tight backing locations.
Residency,""Must live within 50 miles of hiring zip codes (Baltimore, Berwick, etc.).""
Hiring Area,""DC, DE, MD, NJ, PA, VA"""
Swift,"Walmart – Johnstown, NY Regional",NY,12095,200,,"Category,Details
Job Description,Dedicated Walmart Grocery account hauling reefer and dry van loads. High-volume regional operation.
Freight Type,Dedicated Grocery (Reefer & Dry Van)
Driver Type,Company Driver
Home Time,Every 2–3 weeks
Home Time Duration,Regional schedule; 14–21 days out.
Dedicated Account?,Yes
Avg Weekly Miles,Consistent (5–6 day work week)
No Touch Freight,Yes
Driver Load / Unload,No (Possible drop and hook)","Category,Details
Average Weekly Pay,""$1,600""
Guaranteed Pay,""$1,000/week guaranteed for the first 6 months""
CPM Range (Solo),$0.69 (0 mo) – $0.81 (36+ mo)
Stop Pay,$10 for 1st stop; $15 for each additional
Short Haul Pay,$15 flat on loads with 1–50 loaded miles
Detention Pay,$20/hour after 2 hours
Additional Pay,$15.00 second load pay","Category,Details
Equipment Type,Sleeper trucks; Reefer & Dry Van trailers
Transmission Type,""Automatics, Manuals""
Engine,Not Specified
Camera Orientation,""Front Facing, Event Only""
Bunks,Yes","Category,Details
Hiring Restrictions,""No hiring from Buffalo, NYC, or Boston""
SAP Drivers,No
Teams Accepted,NO (Closed)
Owner Operators,NO
Trainees,Yes (Accepted per Job Details; Note: Needs sheet says No)","Category,Details
Experience Required,6 months (Per Needs Sheet)
Endorsements,None required
Residency,""Must live within 200 miles of Johnstown, NY (excluding restricted cities)""
Shift / Schedule,""Day, Night, or Both available; Night/Weekend work expected""
Work Days,Includes holidays and winter weather driving
Hiring Area,""CT, MA, NH, NJ, NY"""
Swift,Georgia Pacific – Huntsville,AL,35801,,,"Category,Details
Job Description,""Dedicated dry van freight hauling """"out and back"""" runs from the Huntsville hub with expectations of backhauls.""
Freight Type,Dedicated Dry Van
Driver Type,Company Driver
Home Time,Once a week
Home Time Duration,Weekly home time.
Dedicated Account?,Yes
Avg Weekly Miles,""1,800 – 2,000""
No Touch Freight,Yes
Driver Load / Unload,No (Mostly drop and hook)","Category,Details
Average Weekly Pay,""$1,200 – $1,400""
Short Haul Pay,No
Stop Pay,No
Unload Pay,No
Bonuses,""Driver Ranking Bonus (Safety, performance, and tenure)""
Orientation Pay,$300 (Paid only if officially hired)","Category,Details
Equipment Type,Dry Van
Transmission Type,""Automatics, Manuals""
Engine,Not Specified
Camera Orientation,""Front Facing, Event Only""
Bunks,Yes (Sleeper)","Category,Details
SAP Drivers,No
Teams Accepted,NO (Closed)
Owner Operators,NO
Trainees,NO (Experienced drivers only)","Category,Details
Experience Required,6 months (Per Needs Sheet)
Endorsements,None required
Residency,""Must live within 50 miles of Montgomery or Birmingham, AL""
Shift / Schedule,Both Day/Night available
Work Days,Weekend work required; all holidays except Christmas
Hiring Area,Alabama"
Swift,"Great Lakes Regional – Detroit, MI",MI,48164,300,,"Category,Details
Job Description,Regional Great Lakes freight operation focusing on OTR dry van loads throughout the region.
Freight Type,Dry Van (OTR-DRY)
Driver Type,Company Driver
Home Time,Every Two Weeks
Home Time Duration,14 days out; OTR/Regional mix.
Dedicated Account?,No (General Freight)
Avg Weekly Miles,""1,500 – 2,000""
No Touch Freight,Yes
Driver Load / Unload,""No (Mix of drop & hook, preload, and live load/unload)""","Category,Details
Average Weekly Pay,""$1,100 – $1,500""
CPM Rate,$0.56 per mile (Starting 0–6 months)
Short Haul Pay,Not Specified
Stop Pay,Not Specified
Bonuses,""Driver Ranking Bonus (Safety, performance, and tenure)""
Orientation Pay,$300 (Paid only if officially hired)","Category,Details
Equipment Type,Dry Van trailers
Transmission Type,""Automatics, Manuals""
Engine,Not Specified
Camera Orientation,""Front Facing, Event Only""
Bunks,Yes (Sleeper)","Category,Details
SAP Drivers,No
Teams Accepted,Not Specified
Owner Operators,Not Specified
Trainees,Yes (Accepted)","Category,Details
Experience Required,0 – 6 months (Open to Trainees and First Seat)
Endorsements,None required
Residency,""Must live within 300 miles of New Boston, MI""
Shift / Schedule,Both Day and Night shifts required
Operational Challenges,Cold weather operations and variable routes
Hiring Area,""IL, IN, KY, MD, MI, NY, OH, PA, WI, WV"""
Barr-Nunn,OTR 11 North,PA,17345,,,"Category,Details
Job Description,Over-the-road dry van operation focusing on the North/Northeast lanes. High emphasis on safety bonuses.
Freight Type,Dry Van
Driver Type,Company Driver
Home Time,Every other weekend
Home Time Duration,3 days off every 14 days.
Dedicated Account?,No (General Freight)
Avg Weekly Miles,High (Expected annual $90k+)
No Touch Freight,Yes
Driver Load / Unload,No","Category,Details
Average Weekly Pay,""$1,730 – $1,923 (Yearly $90k–$100k)""
Band Pay,Higher pay per mile for loads under 400 miles to boost earnings.
CSA Safety Bonus,$700 – $875 + PTO paid every 90 days.
On-Road Safety Bonus,$600 paid every 90 days.
Anniversary Bonus,$100 per year of service (no cap).
Transition Bonus,CSA and On-Road bonuses paid on 1st check.","Category,Details
Equipment Type,Late-model sleepers
Transmission Type,Automatics
Engine,Not Specified
Camera Orientation,Event Only
PasSmart,Access to 68 MPH for 60 mins/day for safe drivers.","Category,Details
SAP Drivers,No
Teams Accepted,Yes
Owner Operators,Yes (Leasing options available)
Trainees,No","Category,Details
Experience Required,9 months
Endorsements,Hazmat preferred (results in higher safety bonuses)
Physical Demands,Must pass Human Performance Evaluation (HPE)
Orientation,4 days; Monday start; $300 Orientation Pay
Hiring Area,""CT, DE, IL, IN, KY, MA, MD, NJ, OH, PA, RI, VA"""
Barr-Nunn,Regional North,PA,17345,,,"Category,Details
Job Description,Regional dry van operation focusing on Northern/Northeast lanes with guaranteed weekend home time.
Freight Type,Dry Van
Driver Type,Company Driver
Home Time,Weekends
Home Time Duration,Weekly home time (Weekends).
Dedicated Account?,No (General Freight)
Avg Weekly Miles,High (Expected annual $85k+)
No Touch Freight,Yes
Driver Load / Unload,No","Category,Details
Average Weekly Pay,""$1,634 – $2,019 (Yearly $85k–$105k)""
Band Pay,Higher pay per mile for hauls under 400 miles (Sh shorter hauls = higher pay).
CSA Safety Bonus,$700 – $875 + PTO paid every 90 days.
On-Road Safety Bonus,$600 every 90 days.
Anniversary Bonus,$100 per year of service (No cap).
Transition Bonus,CSA and On-Road bonuses paid on 1st check; extra bonus after 30 days.","Category,Details
Equipment Type,Late-model sleepers
Transmission Type,Automatics
Engine,Not Specified
Camera Orientation,Event Only
Speed/PasSmart,Access to 68 MPH for 60 mins/day for safe drivers.","Category,Details
SAP Drivers,No
Teams Accepted,Yes
Owner Operators,Yes
Trainees,No","Category,Details
Experience Required,9 months
Endorsements,Hazmat preferred (increases CSA safety bonus amount).
Physical Demands,Must pass Human Performance Evaluation (HPE).
Orientation,4 days; Monday start; $300 Orientation Pay.
Hiring Area,""CT, DE, IL, IN, KY, MA, MD, NJ, OH, PA, RI"""
CR England,Ded-Dollar Tree Warrensburg-MO,MO,64093,100,,"Category,Details
Job Description,Dedicated Dollar Tree account for active drivers. Involves high-pace physical unloading using rollers to deliver dry freight to retail stores.
Freight Type,Dry Van (Dedicated)
Driver Type,Company Driver
Home Time,Weekly
Home Time Duration,34-hour reset (Typically includes Saturday or Sunday).
Dedicated Account?,Yes
Avg Weekly Miles,""1,600""
No Touch Freight,NO
Driver Load / Unload,Driver Unload Required (Hand unload using rollers; no pallets or lumpers).","Category,Details
Average Weekly Pay,""$1,610 (Top earners $2,099)""
CPM Range,$0.70 (0-8 mos) – $0.76 (49+ mos)
Load Pay,$320 per load (Average 2 loads per week)
Stop Pay,Included in load/mileage (4-5 stops per load)
Bonuses,Up to 3% Safe & On-Time Mileage Bonus
Mentor Pay,$220 per day (5-Day Mentor Pay)","Category,Details
Equipment Type,Sleeper trucks (Take-home permitted)
Transmission Type,Automatics
Engine,Not Specified
Camera Orientation,""Front Facing, Event Only""
Unloading Gear,Roller system provided in trailer","Category,Details
SAP Drivers,No
Teams Accepted,Not Specified (Solo focused)
Owner Operators,Not Specified
Trainees,No","Category,Details
Experience Required,6 months
Physical Demands,High. Must be willing/able to hand-unload entire trailers.
Shift / Schedule,Store deliveries start at 05:00 or 23:00; requires 24/7 flexibility.
Operating Area,""MN, SD, ND, IA, NE, KS, MO, AR, OK, TN, KY""
Hiring Area,""MO, MN, NE, IA, UT"""
CR England,Ded-Dollar Tree Joliet IL,IL,60436,75,,"Category,Details
Job Description,""Dedicated Regional dry freight delivery out of Joliet to WI, IA, MN, MI, IN, and Northern KY. High-activity role involving three turns per week.""
Freight Type,Dry Van (Dedicated)
Driver Type,Company Driver
Home Time,Weekly
Home Time Duration,34-hour reset (usually Saturday/Sunday or Sunday/Monday).
Dedicated Account?,Yes
Avg Weekly Miles,""~1,500 – 1,800 (Based on 3 loads/week)""
No Touch Freight,NO
Driver Load / Unload,Driver Unload Required (Hand unload at customer using rollers; no lumpers or pallet jacks).","Category,Details
Average Weekly Pay,""$1,756 (Top earners $1,949)""
CPM Range,$0.82 (0-6 mos) – $0.88 (61+ mos)
Load Pay,$340 per load (Average 3 loads per week)
Backhaul Pay,$25 per occurrence
Detention Pay,$0 per hour
Mentor Pay,$150 per day (5-Day Mentor Pay)
Annualized Pay,""$91,309 – $101,326""","Category,Details
Equipment Type,Sleeper trucks pulling 53' dry trailers
Transmission Type,Automatics
Engine,Not Specified
Camera Orientation,""Front Facing, Event Only""
Take Home Truck,Yes (Must have a safe and secure place to park)","Category,Details
SAP Drivers,No
Teams Accepted,Not Specified
Owner Operators,Not Specified
Trainees,No (First Seat/Experienced Only)","Category,Details
Experience Required,6 months
Physical Demands,Very High. Constant hand unloading of retail freight using a roller system.
Shift / Schedule,Mon-Fri or Tue-Sat (Decided during interview).
Stops per Load,3 to 5 stops on average.
Hiring Area,Illinois (75-mile radius of Joliet)"
CR England,Ded-Family Dollar St George UT,UT,84790,,,"Category,Details
Job Description,Dedicated Family Dollar account hauling dry freight. High-activity role requiring manual unloading at store locations.
Freight Type,Dry Van (Dedicated)
Driver Type,Company Driver
Home Time,Weekly
Home Time Duration,34-hour reset; days off vary based on demand.
Dedicated Account?,Yes
Avg Weekly Miles,""1,400 – 1,700""
No Touch Freight,NO
Driver Load / Unload,Driver Unload Required (Hand unload using rollers; ground level climbing required).","Category,Details
Average Weekly Pay,""$1,759 (Top earners $2,274)""
CPM Range,$0.62 (0-6 mos) – $0.68 (61+ mos)
Load Pay,$320 per load (Average 1-2 loads per week)
Detention Pay,$0 per hour
Bonuses,Up to 3% Safe & On-Time Mileage Bonus
Annualized Pay,""$91,000 – $118,000""","Category,Details
Equipment Type,Tandem-Axle Sleeper trucks pulling 53' trailers
Transmission Type,Automatics
Engine,Not Specified
Camera Orientation,""Front Facing, Event Only""
Facility Location,""4815 South River Road, St. George, UT""","Category,Details
SAP Drivers,No
Teams Accepted,Not Specified
Owner Operators,Not Specified
Trainees,No (First Seat/Experienced Only)","Category,Details
Experience Required,6 months
Physical Demands,High. Hand unloading with rollers; frequent climbing in/out of trailer.
Shift / Schedule,06:00 AM Start Time; up to 14-hour workdays.
Operating Area,""NV, CA, AZ, MT, NM, ND, SD, UT""
Hiring Area,""NM, UT, NV"""
CR England,"Dollar Tree – West Memphis, AR",AR,72301,,,"Category,Details
Job Description,Full-time dedicated dry freight delivery out of West Memphis to multiple Southern and Midwestern states. Highly active role.
Freight Type,Dry Van (Dedicated)
Driver Type,Company Driver
Home Time,Weekly
Home Time Duration,34-hour reset weekly.
Dedicated Account?,Yes
Avg Weekly Miles,""1,500""
No Touch Freight,NO
Driver Load / Unload,Driver Unload Required (Unloading full trailers using roto-carts and lift gates).","Category,Details
Average Weekly Pay,""$1,380 (Top earners $1,700)""
CPM Range,$0.515 (0-1 yr) – $0.605 (9 yrs)
Load Pay,$150 per load (Average 3 loads per week)
Stop Pay,Included (Average 3 stops per load)
Detention Pay,$0 per hour
Mentor Pay,$200 per day (5-Day Mentor Pay)
Annualized Pay,""$71,760 – $88,400""","Category,Details
Equipment Type,Sleeper trucks pulling 53' dry trailers
Transmission Type,Automatics
Engine,Not Specified
Camera Orientation,""Front Facing, Event Only""
Parking,Drivers need to park truck at home or a secure location.","Category,Details
SAP Drivers,No
Teams Accepted,Not Specified
Owner Operators,Not Specified
Trainees,No (First Seat/Experienced Only)","Category,Details
Experience Required,6 months
Physical Demands,High. Hand-unloading using roto-carts and lift gates.
Shift / Schedule,Full-time schedule with variable delivery windows.
Operating Area,""TX, OK, TN, AR, LA, MS, MO, KY, IL, AL""
Hiring Area,""AR, MO, MS, TN (100-mile radius of West Memphis)"""
Hogan,Target West Jefferson Team,OH,43162,90,,"Category,Details
Job Description,""Dedicated FDC (Food Distribution Center) team grocery account delivering to Target stores. Requires hauling perishables, pork, and alcohol.""
Freight Type,Reefer (Multiple temp zones) & Dry Van
Driver Type,Company Driver (Teams)
Home Time,Weekly
Home Time Duration,34–48 hours (Consecutive days off).
Dedicated Account?,Yes
Avg Weekly Miles,""4,300 (Team)""
No Touch Freight,Yes (100% no-touch; driver counts pallets)
Driver Load / Unload,Driver assist at some stores; responsible for bulkheads and rear doors.","Category,Details
Average Weekly Pay,""$2,258 (Per Team)""
Annualized Pay,""$117,416 (W-2 Average)""
Mileage Pay,$1.00 / mi split
Stop Pay,$18.00 / stop split (Avg 12 stops/week)
Sign-On Bonus,""$10,000 Split ($5,000 per driver)""
Guaranteed Pay,""$1,200 weekly guarantee for the first 60 days""
Holiday Pay,$80.00 (Eligible after 30 days)","Category,Details
Equipment Type,2024+ Freightliner and International Sleeper Trucks
Transmission Type,Automatics
Trailer Type,53' (Swing/Roll door) and 28' (Lift gate)
Camera Orientation,Front Facing and Driver Facing (Event Only)
Take Home Truck,No (Trucks parked at DC or Indy shop)","Category,Details
Drug Test Type,Hair Follicle
SAP Drivers,No
Owner Operators,No
Trainees,No
Slip Seat,No (Assigned Trucks)","Category,Details
Experience Required,6 months
Endorsements,None specified (Must haul alcohol/pork)
Shift / Schedule,Block dispatch (4-hour windows); Must work at least one weekend day.
Training,""4 days (2 FDC runs, 2 RDC runs); Paid $250/day.""
Pets / Riders,Allowed after 90 days.
Hiring Area,""OH, KY, IN (Specific radii around hubs)"""
National Carriers,Regional,TX,75060,,,"Category,Details
Job Description,Regional refrigerated freight operation. Includes a mix of multi-stop freight with higher accessorial pay compared to OTR.
Freight Type,Refrigerated (Reefer)
Driver Type,Company Driver
Home Time,Out 10–14 days
Home Time Duration,1 day off for every 6 days out (Max 4 days).
Dedicated Account?,No (General Freight)
Avg Weekly Miles,""2,200 – 2,400 (Regional)""
No Touch Freight,Yes (100%)
Driver Load / Unload,No (50% Drop & Hook)","Category,Details
Average Weekly Pay,""$1,200 – $1,400 gross""
Line Haul Rate,$0.50 CPM
Accessorial Pay,$0.03 – $0.04 CPM weekly
Performance Bonus,$0.04 CPM
Sign-On Bonus,""$3,000 ($300/mo for 10 months)""
Orientation Pay,$250 for 3 days","Category,Details
Equipment Type,2019–2021 Kenworth T-680s
Transmission Type,Automatics and Manuals
Amenities,""APU, Refrigerator, Bluetooth, Double Bunks, 2500-watt Inverter""
Camera Orientation,""Front Facing, Event Only""
Truck Speed,68 MPH
Take Home Truck,Yes","Category,Details
Drug Test Type,Urine Only
SAP Drivers,No
Teams Accepted,""Yes (4,500 – 5,000 miles/week)""
Owner Operators,Not Specified
Trainees,No","Category,Details
Experience Required,6 months
Endorsements,Hazmat (approx. 10% of loads)
Orientation,""3 days in Irving, TX; Air travel/lodging/meals provided.""
Rider/Pet Policy,Yes (Both allowed)
Hiring Area,""AR, CO, IA, IL, IN, KS, MO, NE, OH, OK, TX"""
Sharkey,Home Every Weekend,IL,62301,,,"Category,Details
Job Description,""Regional dry van, reefer, or flatbed operation with a primary focus on getting drivers home every weekend.""
Freight Type,""Dry Van, Reefer, Flatbed""
Driver Type,Company Driver
Home Time,Home Every Weekend
Home Time Duration,Weekly (Weekends)
Dedicated Account?,No (General Freight)
Avg Weekly Miles,""High (Incentivized over 2,000 miles)""
No Touch Freight,Yes
Driver Load / Unload,No","Category,Details
Average Weekly Pay,""$1,300 – $1,600""
CPM Rate,$0.52 – $0.56 CPM
Mileage Incentive,""$1.00 per mile for every mile driven over 2,000 per week.""
Sign-On Bonus,""$2,000 ($750 Wk 1, $750 Wk 2, $500 at 6 months)""
Longevity Bonus,""$1,000 annual bonus""
Safety Bonus,""$1,000 annual safety and performance bonus""
Orientation Pay,$300 (2.5 days)","Category,Details
Equipment Type,Sleeper trucks
Transmission Type,Automatics
Engine,Not Specified
Cameras,No
Bunks,Yes","Category,Details
SAP Drivers,No
Teams Accepted,Not Specified
Owner Operators,Not Specified
Trainees,No
Pet Policy,No pets allowed","Category,Details
Experience Required,6 months (Verifiable)
Endorsements,None required
Insurance,Premium-free family health insurance (after 90 days)
Rider Policy,Allowed (No charge) after 90 days; immediate family 10+ years old.
Hiring Area,""IA, IL, IN, KS, MO, NE, OH""
Orientation,""Quincy, IL (Bus/Lodging/Breakfast/Lunch provided)"""
Swift,"Walmart – Moberly, MO",MO,65270,,"65243, 65201, 65204, 65240","Category,Details
Job Description,""Dedicated grocery account hauling reefer trailers for regional round-trip deliveries (Columbia, Moberly, Boonville, Macon).""
Freight Type,Reefer (DED–WAL GRO)
Driver Type,Company Driver
Home Time,Once a Week
Home Time Duration,Home weekly.
Dedicated Account?,Yes
Avg Weekly Miles,""2,100""
No Touch Freight,Yes (Stores unload trailers)
Driver Load / Unload,No (Mix of live load/unload and drop & hook)","Category,Details
Average Weekly Pay,""$1,400""
CPM Range,$0.49 (Entry) – $0.61 (3+ Years)
Weekend Differential,+ $0.03 CPM (Fri 17:00 – Mon 04:00)
Stop Pay,$10 for 1st stop; $15 each additional
Bonuses,Swift Driver Performance Bonus
Unload Pay,N/A","Category,Details
Equipment Type,Reefer Trailers
Transmission Type,""Automatics, Manuals""
Engine,Not Specified
Camera Orientation,""Front Facing, Event Only""
Bunks,Yes (Sleeper)","Category,Details
SAP Drivers,No
Teams Accepted,Yes
Owner Operators,No
Trainees,Yes (Accepted per Job Details; Note: Needs sheet says No)","Category,Details
Experience Required,6 months (Per Needs Sheet)
Endorsements,None required
Shift / Schedule,Nights required; Weekend work required
Work Days,Every holiday except Thanksgiving and Christmas
Residency,""Must live within 50 miles of Moberly, MO hub""
Hiring Area,""MO, IA"""
Swift,"Dollar Tree – Chesapeake, VA",VA,23320,70,,"Category,Details
Job Description,Dedicated dry van account for Dollar Tree. Involves floor-loaded freight and manual unloading using a roller system.
Freight Type,Dry Van (DED-DRY)
Driver Type,Company Driver (Solo Only)
Home Time,Weekends
Home Time Duration,Weekly; Home weekends (Occasional Saturday deliveries).
Dedicated Account?,Yes
Avg Weekly Miles,""1,000""
No Touch Freight,NO
Driver Load / Unload,Driver Unload Required (Floor load and roller delivery).","Category,Details
Average Weekly Pay,""$1,800""
CPM Rate,$0.90 CPM
Unload Pay,$240.00
Stop Pay,$20.00
Short Haul Pay,$40 for loads under 51 miles
Bonus Offer,$100 weekly
Orientation Pay,$300 (Paid only if officially hired)","Category,Details
Equipment Type,Dry Van
Transmission Type,""Automatics, Manuals""
Engine,Not Specified
Camera Orientation,""Front Facing, Event Only""
Specialized Gear,""Rollers, racks, and load bars provided for unloading.""","Category,Details
SAP Drivers,No
Teams Accepted,NO (Solo only)
Owner Operators,NO
Trainees,Yes (Accepted per Job Details; Note: Needs sheet says No)","Category,Details
Experience Required,6 months (First Seat/Experienced)
Endorsements,None required
Physical Demands,High. Hand unloading floor-loaded trailers using rollers.
Shift / Schedule,""Both Day/Night; """"Leave out the night before with early morning stop.""""""
Hiring Area,""Within 70 miles of Chesapeake, VA (23320)"""
Swift,"Finch Paper – Glens Falls, NY",NY,12801,100,,"Category,Details
Job Description,Dedicated dry van account hauling paper products. 70% of loads deliver to NJ and PA. Requires a Monday–Friday schedule with day shifts.
Freight Type,Dry Van (DED-DRY)
Driver Type,Company Driver
Home Time,Weekends
Home Time Duration,Home every weekend; Monday–Friday schedule.
Dedicated Account?,Yes
Avg Weekly Miles,""1,700""
No Touch Freight,NO (Driver Unload Required per profile summary; though Job Details list Live Unload/Preload)
Driver Load / Unload,Yes (Live unload/preload)","Category,Details
Average Weekly Pay,""$1,300""
CPM Rate,$0.66 CPM
Short Haul Pay,$35 flat rate
Stop Pay,$15
Backhaul Pay,$50 (when available)
On-Call Pay,$150 per day if no load is available
Orientation Pay,$300 (Paid only if officially hired)","Category,Details
Equipment Type,Standard Dry Van
Transmission Type,""Automatics, Manuals""
Special Equipment,Tire chains (Chaining may be required for winter driving)
Camera Orientation,""Front Facing, Event Only""
Bunks,Yes","Category,Details
SAP Drivers,No
Teams Accepted,NO
Owner Operators,NO
Trainees,Yes (Accepted per Job Details; Note: Needs sheet says No)","Category,Details
Experience Required,6 months (First Seat/Experienced)
Endorsements,None required
Shift / Schedule,Day Shift
Work Days,Monday–Friday (Weekend work is voluntary)
Hiring Area,""CT, MA, NH, NY, VT (Must live within 100 miles of Glens Falls)"""
Swift,"Dollar Tree – Olive Branch, MS","MS, LA",,,"386, 543, 701, 172, 401","Category,Details
Job Description,""Dedicated dry van account for Dollar Tree out of Olive Branch, MS. High-activity role requiring manual floor unloading.""
Freight Type,Dry Van (DED-DRY)
Driver Type,Company Driver
Home Time,Once a week
Home Time Duration,Weekly home time.
Dedicated Account?,Yes
Avg Weekly Miles,""1,000 – 1,700""
No Touch Freight,NO
Driver Load / Unload,Driver Unload Required (Full hand unload; must lift 50–75 lbs).","Category,Details
Average Weekly Pay,""$1,300 – $1,700""
CPM Rate,$0.50 CPM
Unload Pay,$200.00 per load
Stop Pay,$25.00
Short Haul Pay,$40 for loads under 100 miles
Weekly Bonus,""$100 (5 days availability, no failures/accidents)""
Orientation Pay,$300 (Paid only if officially hired)","Category,Details
Equipment Type,Dry Van
Transmission Type,""Automatics, Manuals""
Engine,Not Specified
Camera Orientation,""Front Facing, Event Only""
Bunks,Yes (Sleeper)","Category,Details
SAP Drivers,No
Teams Accepted,NO (Closed)
Owner Operators,NO
Trainees,Yes (Accepted per Job Details; Note: Needs sheet says No)","Category,Details
Experience Required,6 months (First Seat/Experienced)
Physical Demands,High. Full hand unload; must be able to lift up to 75 lbs.
Skill Requirements,Must be comfortable with night driving and tight backing areas.
Residency,""Must live within 50 miles of Olive Branch, Memphis, or New Orleans.""
Hiring Area,""AR, KY, MO, MS, TN, LA"""
Swift,"Cabela's - Tooele, UT",UT,84120,,,"Category,Details
Job Description,""Dedicated account delivering dry and refrigerated freight to Cabela’s stores. Routes run from Tooele, UT to all points west.""
Freight Type,Dry Van & Reefer
Driver Type,Company Driver (Solo)
Home Time,Weekly (for UT-based drivers)
Home Time Duration,34-hour restarts. (Outlying areas may run 10–21 days out).
Dedicated Account?,Yes
Avg Weekly Miles,""1,500 – 2,200""
No Touch Freight,Yes (Preloaded and drop)
Driver Load / Unload,No (Mix of live load and drop & hook)","Category,Details
Average Weekly Pay,""$1,500""
CPM Range,$0.60 – $0.70 CPM (Based on experience)
Stop Pay,$50.00
Unload Pay,N/A
Bonus Offer,No
Orientation Pay,$300 (Paid only if officially hired)","Category,Details
Equipment Type,Dry Van and Reefer trailers
Transmission Type,""Automatics, Manuals""
Engine,Not Specified
Camera Orientation,""Front Facing, Event Only""
Bunks,Yes (Sleeper)","Category,Details
SAP Drivers,No
Teams Accepted,NO (Closed)
Owner Operators,NO
Trainees,NO","Category,Details
Experience Required,6 months (First Seat/Experienced)
Endorsements,None required
Shift / Schedule,Both Day/Night available
Work Days,Weekend work required; holidays vary
Special Note,High service required for multi-stop loads; weather can be dicey
Hiring Area,Utah (50-mile radius of 84120)"
Swift,"626 Midwest - Detroit, MI",MI,48164,100,,"Category,Details
Job Description,""Regional OTR-DRY operation based in New Boston, MI. Loads typically keep the driver within 400 miles of home.""
Freight Type,Dry Van (OTR-DRY)
Driver Type,Company Driver (Solo)
Home Time,Every Two Weeks
Home Time Duration,14 days out; Regional coverage.
Dedicated Account?,No (General Freight)
Avg Weekly Miles,""1,600 – 2,000""
No Touch Freight,Yes
Driver Load / Unload,""No (Live load/unload, preload, and drop & hook)""","Category,Details
Average Weekly Pay,""$1,200 – $1,500""
CPM Rate,$0.56 (0-3 mo) up to $0.64 (60+ mo)
Short Haul Pay,$40 for loads under 51 miles
Stop Pay,$15.00
Bonuses,Swift Driver Performance Bonus
Orientation Pay,$300 (Paid only if officially hired)","Category,Details
Equipment Type,Dry Van
Transmission Type,""Automatics, Manuals""
Engine,Not Specified
Camera Orientation,""Front Facing, Event Only""
Bunks,Yes (Sleeper)","Category,Details
SAP Drivers,No
Teams Accepted,NO
Owner Operators,NO
Trainees,YES (Accepted)","Category,Details
Experience Required,0 – 6 months (Open to Trainees)
Endorsements,None required
Shift / Schedule,Both Day and Night shifts required
Operating Area,""Michigan, Ohio, Indiana, Kentucky, and Illinois""
Residency,""Must live within 100 miles of New Boston, MI"""
Swift,"Dicks Sporting Goods – Plainfield, IN",IN,,75,"46168, 46201","Category,Details
Job Description,Dedicated dry van account delivering to Dick's Sporting Goods retail locations. Includes mall deliveries and multi-stop routes.
Freight Type,Dry Van (DED-DRY)
Driver Type,Company Driver (Solo)
Home Time,""Weekly (Out Sunday, Home Friday)""
Home Time Duration,34-hour restarts; Monday–Friday active schedule.
Dedicated Account?,Yes
Avg Weekly Miles,""1,400 – 2,000""
No Touch Freight,Yes
Driver Load / Unload,No (Some double drop and hooks required)","Category,Details
Average Weekly Pay,""$1,400 – $1,500""
Pay Type,$247.00 Daily Salary
Short Haul Pay,No
Stop Pay,No (Included in daily salary)
Bonus Offer,No
Orientation Pay,$300 (Paid only if officially hired)","Category,Details
Equipment Type,Dry Van
Transmission Type,""Automatics, Manuals""
Engine,Not Specified
Camera Orientation,""Front Facing, Event Only""
Bunks,Yes (Sleeper)","Category,Details
SAP Drivers,No
Teams Accepted,NO (Closed)
Owner Operators,NO
Trainees,YES (Accepted)","Category,Details
Experience Required,0 – 6 months (Open to Trainees)
Endorsements,None required
Shift / Schedule,Both Day/Night available; some night driving required
Skills,Must be comfortable with tough backing (Mall deliveries/Tight docks)
Work Days,""Out Sunday, Home Friday; Weekend work is voluntary""
Hiring Area,""IL, IN (Must live within 75 miles of hubs)"""
CR England,Ded-Schreiber Teams,"UT, MO, WI, PA, TX",,100,"84321, 64836, 54115, 53581, 17257, 76401","Category,Details
Job Description,Dedicated team account running static weekly routes between Schreiber distribution centers. Picking up preloaded trailers and delivering to drop trailer DCs.
Freight Type,Refrigerated (No Touch)
Driver Type,Company Driver (Teams Only)
Home Time,Every 3–4 Weeks
Home Time Duration,3–4 days home for every 3–4 weeks out.
Dedicated Account?,Yes
Avg Weekly Miles,""4,900 (Team mileage)""
No Touch Freight,Yes
Driver Load / Unload,No (Preloaded/Drop trailers)","Category,Details
Average Weekly Pay,""$1,764 (Top earners $2,077)""
CPM Range (Split),$0.29 (0-2 mo) – $0.405 (120+ mo)
Annualized Pay,""$91,716 – $108,007""
Training Pay,Minimum wage for 4–5 hours of orientation.
Referral Bonus,Unlimited Cash Referral Program","Category,Details
Equipment Type,Tandem-Axle Sleeper trucks
Transmission Type,Automatics
Engine,Not Specified
Camera Orientation,""Front Facing, Event Only""
Trailer Type,53' Refrigerated trailers","Category,Details
Solo Drivers,NO (Account only takes true teams)
SAP Drivers,No
Owner Operators,Not Specified
Trainees,No
Matching Requirements,Matched partners must live within 50 miles of each other.","Category,Details
Experience Required,3 months
Endorsements,None specified
Domicile,Must live within 100 miles of a customer DC.
Hiring Area,""AR, KS, MO, OK, UT, WI (Currently seeking teams in UT and MO)"""
Epes,Shorthaul Regional,NC,27409,,,"Category,Details
Job Description,Short-haul dry van regional operation with a very low average length of haul (287 miles). High concentration of freight in the Southeast.
Freight Type,Dry Van (FAK)
Driver Type,Company Driver (Solo)
Home Time,Home Weekly
Home Time Duration,Weekly (Specific requests may be accommodated)
Dedicated Account?,No (General Freight)
Avg Weekly Miles,""1,695 miles""
No Touch Freight,Yes
Driver Load / Unload,No (Mixture of live load/unload and drop & hook)","Category,Details
Average Weekly Pay,""$933 (Top earners $1,183)""
CPM Rate,$0.55 CPM (New pay effective 10/5/2025)
Minimum Guarantee,""1,500 miles guaranteed""
Utilization Bonus,""Monthly tiers: 9k miles (+.03),10kmiles(+.06), 11k miles (+$.09)""
Orientation Pay,$125 - $225 (Paid after first dispatch)
Holiday Pay,Based on average of prior 52 weeks","Category,Details
Equipment Type,Sleeper trucks (Assigned)
Transmission Type,Automatics
Engine,Not Specified
Camera Orientation,Front Facing and Driver Facing (Event Only)
Bunks,Yes","Category,Details
Drug Test Type,Urine Only
SAP Drivers,No
Trainees,No
Experience Required,12 Months","Category,Details
Experience Required,1 year (12 months)
Endorsements,Hazmat Fee Reimbursement available (FAK freight)
Rider/Pet Policy,Yes (Both allowed)
Orientation,""1–3 days (Average 1 day); Greensboro, NC or Rockwall, TX.""
Hiring Area,""GA, NC, SC, VA (Also Central VA, FL, and Eastern TN)"""
P&S Transportation,Flatbed,AL,35203,,,"Category,Details
Job Description,""General freight flatbed operation with flexible, non-forced dispatch. Most drivers run regional within a 5-state radius.""
Freight Type,Flatbed
Driver Type,Company Driver (Solo)
Home Time,Monday – Friday/Saturday
Home Time Duration,Weekly (At least a 34-hour restart).
Dedicated Account?,No
Avg Weekly Miles,""2,000 – 2,500""
No Touch Freight,NO (40%–50% of loads require tarping)
Physical Labor,Tarping and Strapping Required","Category,Details
Average Weekly Pay,""$1,400 – $1,600 gross""
Pay Structure,27% of the load (~$0.70 CPM equivalent)
Sign-On Bonus,""$5,000 total ($1,500 after 1st load, $1,500 at 6mo, $2,000 at 1yr)""
Tarp Pay,$40 per load tarped
Detention Pay,$16 per hour after 2 hours
Layover Pay,$50 per day after 24 hours empty
Per Diem,$300 weekly non-taxed portion","Category,Details
Equipment Type,Late-model Sleepers
Transmission Type,Automatics
Amenities,Bunk heaters; No idle limit (award program based)
Camera Orientation,Driver Facing (Event Only)
Take Home Truck,Yes (If attached to trailer or parked safely at truck stop)","Category,Details
Job Hopping,Drivers with 6+ jobs in the last 3 years do not qualify for Sign-On Bonus
Drug Test Type,Urine Only
SAP Drivers,No
Trainees,No
Experience Required,12 Months (1 Year)","Category,Details
Experience Required,1 year (12 months)
Endorsements,None (0% Hazmat loads)
Rider Policy,Free from day one (18+ years old)
Pet Policy,Yes (No cost or breed restrictions)
Orientation,""3 days in Birmingham, AL; Plane or Rental car provided.""
Hiring Area,""31 States (AL, AR, CT, DE, FL, GA, IA, IL, IN, KY, LA, MD, ME, MI, MN, MO, MS, NC, NH, NJ, NY, OH, PA, RI, SC, TN, TX, VA, VT, WI, WV)"""
Epes,Family Dollar Regional,NC,28105,,,"Category,Details
Job Description,Dedicated regional account delivering to Family Dollar stores. High-activity role requiring multi-stop deliveries and manual unloading.
Freight Type,Dry Van (Dedicated)
Driver Type,Company Driver (Solo)
Home Time,Weekends
Home Time Duration,Generally 34–40 hours; typically home Friday evenings and leave out Sunday afternoon.
Dedicated Account?,Yes
Avg Weekly Miles,""1,500""
No Touch Freight,NO
Driver Load / Unload,Driver Unload Required (Using roll carts and liftgate trailers).","Category,Details
Average Weekly Pay,""$1,500 – $2,000 (Top drivers up to $2,200)""
Mileage Pay,$0.52 CPM
Stop Pay,$32.00 per stop (Avg 15+ stops per week)
Unload Pay,$112.00 per trailer (Avg 3–4 trailers per week)
Training Pay,$200.00 per day
Orientation Pay,$125 – $225 (Paid after first day/dispatch)","Category,Details
Equipment Type,Single sleepers (Assigned)
Transmission Type,Automatics
Trailer Type,Liftgate trailers equipped with roll carts
Camera Orientation,Front Facing and Driver Facing (Event Only)
Take Home Truck,Yes (If on route; otherwise park at Matthews/Charlotte terminal)","Category,Details
Drug Test Type,Urine Only
SAP Drivers,No
Trainees,No
Experience Required,12 Months (1 Year)","Category,Details
Experience Required,1 year (12 months)
Physical Demands,High. Constant unloading of roll carts via liftgate.
Schedule,Monday–Friday; Sunday afternoon departures are standard.
Rider Policy,Yes (Must remain in truck during deliveries).
Hiring Area,""NC, SC, GA, AL"""
US Xpress,"DT Savannah, GA",GA,31401,,,"Category,Details
Job Description,Dedicated Dollar Tree account involving 100% touch freight. Drivers deliver box-by-box using rollers to Dollar Tree and occasional Family Dollar stores.
Freight Type,Dry Van (Dedicated)
Driver Type,Company Driver (Solo)
Home Time,Weekly
Home Time Duration,34-hour reset; not guaranteed to be on weekends.
Dedicated Account?,Yes
Avg Weekly Miles,""1,100 – 1,300""
No Touch Freight,NO
Driver Load / Unload,Driver Unload Required (100% touch freight; box-by-box with rollers).","Category,Details
Average Weekly Pay,""$1,350 – $1,500 (Based on 3 loads/week)""
Mileage Pay,$0.63 CPM (Flat rate regardless of experience)
Unload Pay,$240.00 per trailer
Backhaul Pay,$50.00
Sign-On Bonus,Yes (Amount not specified in text)
Orientation Pay,See Orientation tab (Typically $60–$100/day for USX)","Category,Details
Equipment Type,Newer model Freightliners and Kenworths
Transmission Type,Automatics
Engine,Not Specified
Camera Orientation,""Front Facing, Event Only""
Bunks,Yes (Sleeper)","Category,Details
SAP Drivers,No
Teams Accepted,NO (Solo only)
Trainees,No
Supply Requirement,Must bring 2 weeks of supplies to orientation.","Category,Details
Experience Required,3 Months
Physical Demands,Extremely High. Physical unloading of every box in the trailer.
Shift / Schedule,Early morning deliveries; nights and weekends required.
Training,""Drivers sent directly to Savannah, GA for account-specific training.""
Operating Area,""FL, GA, SC, and parts of AL""
Pet / Rider Policy,Both allowed (Rider 10+ yrs; Pet fee applies)."
US Xpress,"Tractor Supply – Frankfort/Colonie, NY",NY,,100,"13340, 12205","Category,Details
Job Description,Dedicated dry van account delivering Tractor Supply merchandise. High-volume regional role covering the entire Northeast.
Freight Type,Dry Van (Dedicated)
Driver Type,Company Driver (Solo)
Home Time,Weekly
Home Time Duration,34-hour reset (up to 48 hours guaranteed; non-consecutive weekend days).
Dedicated Account?,Yes
Avg Weekly Miles,""2,100 – 3,150 (Based on 300–450 miles/day)""
No Touch Freight,Yes
Driver Load / Unload,No (Preloads)","Category,Details
Average Weekly Pay,""$1,500""
CPM Range,$0.53 (0-11 mo) – $0.59 (60+ mo)
Load Bonus,$50.00 per load
Stop Pay,$25.00 per stop
Long Island Pay,$150.00 delivery bonus
Sign-On Bonus,""$1,000 ($500 after 1st load, $500 after 30 days)""
Detention Pay,$12.50/hr after 2 hours","Category,Details
Equipment Type,Newer model Freightliners and Kenworths
Transmission Type,Automatics
Engine,Not Specified
Camera Orientation,""Front Facing, Event Only""
Take Home Truck,Yes (Must take trailer home if living >100 miles from DC)","Category,Details
SAP Drivers,No
Teams Accepted,NO (Solo focus)
Trainees,No
Location Requirement,Must be willing to handle Long Island deliveries ($150 bonus).","Category,Details
Experience Required,3 Months
Endorsements,None required
Shift / Schedule,Availability for both day/night; weekends required.
Operating Area,""NY, NJ, PA, CT, MA, RI, NH, VT, ME""
Pet / Rider Policy,Both allowed (Pet fee applies; Rider 10+ yrs)."
US Xpress,"DT Warrensburg, MO",MO,64093,,,"Category,Details
Job Description,""Dedicated Dollar Tree account delivering dry, 100% touch freight. High-activity role requiring physical unloading at multiple store locations.""
Freight Type,Dry Van (Dedicated)
Driver Type,Company Driver (Solo)
Home Time,Weekly
Home Time Duration,34-hour reset; 80% of the time falls on weekends.
Dedicated Account?,Yes
Avg Weekly Miles,""1,800""
No Touch Freight,NO
Driver Load / Unload,Driver Unload Required (100% touch freight; manual unloading).","Category,Details
Average Weekly Pay,""$2,000 Gross (Approx. $1,400 after tax)""
CPM Range,$0.70 (0-6 mo) – $0.80 (96+ mo)
Unload Pay,$240.00 per trailer (Avg 4 loads per week)
Stop Pay,$25.00
Sign-On Bonus,""$1,000 ($500 after 1st load, $500 after 30 days)""
Ride Along Pay,$150 per day during 1-week training period
Backhaul Pay,$50.00","Category,Details
Equipment Type,""Newer model Internationals, Freightliners, and Kenworths""
Transmission Type,Automatics
Engine,Not Specified
Camera Orientation,""Front Facing, Event Only""
Bunks,Yes (Sleeper)","Category,Details
Hiring Restrictions,""No drivers from Riverside, Hogan, or CR England unless departed >6 months ago and worked elsewhere.""
SAP Drivers,No
Trainees,No
Parking,Must have a secure parking location for both truck and trailer.","Category,Details
Experience Required,3 Months
Physical Demands,High. Manual unloading of freight; requires lifting and mobility.
Training,1-week ride-along required; must bring 2 weeks of supplies to orientation.
Operating Area,""ND, SD, NE, KS, OK, AR, MO, IA, MN, WI, IL, KY, TN, IN""
Hiring Area,""IA, KS, MO, MN"""
Hogan,Dollar Tree Warrensburg,MO,64093,,,"Category,Details
Job Description,Dedicated Dollar Tree account delivering FAK (Freight of All Kinds). Involves multi-stop routes and physically demanding manual unloading.
Freight Type,Dry Van (Dedicated)
Driver Type,Company Driver (Solo)
Home Time,Weekly
Home Time Duration,34-hour reset (Weekends are not guaranteed off).
Dedicated Account?,Yes
Avg Weekly Miles,""1,625""
No Touch Freight,NO
Driver Load / Unload,Driver Unload Required (Hand unload single cartons using cargo rollers; approx. 500 pieces/hour).","Category,Details
Average Weekly Pay,""$1,800 – $1,900""
Annualized Pay,""$93,600 – $98,800""
Mileage Rate,Up to $0.82 CPM (Based on experience); $0.01 increase every 6 mos up to $0.90 max.
Stop Pay,$55.00
Safe Stop Program,""$10 per stop (Approx. $700–$1,000 paid quarterly).""
Guaranteed Pay,""$1,200 weekly guarantee for the first 60 days.""
Sign-On Bonus,""$2,500""
Training Pay,$200 per day (1–2 week unload training/ride-along).","Category,Details
Equipment Type,Freightliner and International Sleeper Trucks (TAS)
Transmission Type,Automatics and Manuals
Amenities,70% of trucks equipped with APUs
Camera Orientation,""Front Facing, Driver Facing (Event Only)""
Take Home Truck,Yes","Category,Details
Drug Test Type,Hair Follicle
SAP Drivers,No
Teams Accepted,NO
Owner Operators,NO
Trainees,No (Must be experienced; prefer one winter season driving experience).","Category,Details
Experience Required,6 months
Physical Demands,""Extremely High. Must unload up to 4,000 pieces per trailer (approx. 8 hours of labor).""
Schedule,Account delivers 7 days a week; holiday work required.
Operating Area,""MN, SD, ND, WY, MT, UT, IA, IL, MO, AR, OK, KS, CO, TX, NM""
Pet / Rider Policy,Yes (Both allowed)."
Swift,"Target – Sacramento, CA Regional Teams",CA,95833,,,"Category,Details
Job Description,""Dedicated regional team account delivering Target dry freight. Routes primarily serve the Santa Barbara, CA market and the WA/OR market.""
Freight Type,Dry Van (DED-DRY)
Driver Type,Team Driver (Solo closed)
Home Time,34-Hour Restarts
Home Time Duration,Weekly resets; consistent schedule.
Dedicated Account?,Yes
Avg Weekly Miles,""5,000 (Team)""
No Touch Freight,Yes
Driver Load / Unload,No (Live Load)","Category,Details
Average Weekly Pay,""$1,600""
Pay Structure,""Salary-based ($1,600.00/week)""
Unload Pay,$15.00
Stop Pay,Not listed
Bonus Offer,No
Orientation Pay,$300 (Paid only if officially hired)","Category,Details
Equipment Type,Sleeper trucks
Transmission Type,""Automatics, Manuals""
Engine,Not Specified
Camera Orientation,""Front Facing, Event Only""
Bunks,Yes (Team setup)","Category,Details
SAP Drivers,No
Solo Drivers,NO (Closed)
Owner Operators,NO
Experience Requirement,1 Year Experienced (Per Job Details; Note: Needs sheet says 0-6mo)
Trainees,No (Per Job Details; Note: Needs sheet says Yes)","Category,Details
Experience Required,12 Months
Endorsements,None required
Shift / Schedule,Night or Both Day/Night; Weekends and Holidays required.
Hiring Area,""Sacramento, Lathrop, and surrounding areas (Within 50 miles).""
Operational Area,""CA (Santa Barbara), OR, WA"""
Swift,"I35 – Gary, IN",IN / IL,46406,100,,"Category,Details
Job Description,""OTR dry van operation running the I-35 corridor. Routes extend from the Gulf of Mexico to Canada and from Eastern Indiana to Denver, CO.""
Freight Type,Dry Van (OTR-DRY)
Driver Type,Company Driver (Solo & Team)
Home Time,Every 2 to 3 Weeks
Home Time Duration,Standard OTR rotation (14–21 days out).
Dedicated Account?,No
Avg Weekly Miles,""1,600 – 2,500""
No Touch Freight,Yes
Driver Load / Unload,""No (Mix of live load/unload, preload, and drop & hook)""","Category,Details
Average Weekly Pay,""$1,000 – $1,500""
Short Haul Pay,Same as OTR
Stop Pay,No stop pay
Unload Pay,N/A
Bonuses,Swift Driver Performance Bonus
Orientation Pay,$300 (Paid only if officially hired)","Category,Details
Equipment Type,Dry Van
Transmission Type,""Automatics, Manuals""
Engine,Not Specified
Camera Orientation,""Front Facing, Event Only""
Bunks,Yes (Sleeper)","Category,Details
Hiring Restrictions,No East Coast lanes
SAP Drivers,No
Owner Operators,YES
Teams Accepted,YES
Trainees,YES (Accepted)","Category,Details
Experience Required,0 Months (Open to Trainees and Experienced)
Endorsements,None required
Shift / Schedule,Both day/night shifts; Weekend work required
Work Days,Holiday work expected (plan hometime accordingly)
Hiring Area,""IL, IN, MI, WI (Must live within 100 miles of Gary/Chicago)"""
US Xpress,"FD Ashley, IN",IN,46705,,,"Category,Details
Job Description,""Dedicated Family Dollar account. High-intensity role delivering dry van freight to stores in IN, MI, IL, OH, and WI.""
Freight Type,Dry Van (Dedicated)
Driver Type,Company Driver (Solo)
Home Time,Weekly
Home Time Duration,34-hour reset weekly.
Dedicated Account?,Yes
Avg Weekly Miles,""1,100""
No Touch Freight,NO
Driver Load / Unload,Driver Unload Required (100% box-by-box via rollers).","Category,Details
Average Weekly Pay,""$1,850 (Based on 3 loads and 1,100 miles)""
CPM Range,$0.80 (0-59 mo) – $0.86 (84+ mo)
Load/Unload Pay,$325.00 per load (Includes unload)
Sign-On Bonus,""$2,500 total (Paid in installments over 180 days)""
Backhaul Pay,$30.00
Training Pay,$150 per day (1-week minimum ride-along)","Category,Details
Equipment Type,""Internationals, Freightliners, and Kenworths""
Transmission Type,Automatics
Engine,Not Specified
Camera Orientation,""Front Facing, Event Only""
Bunks,Yes (Sleeper)","Category,Details
Hiring Restrictions,No drivers currently at or recently left (<6 mos) USA Truck or Hirschbach.
SAP Drivers,No
Trainees,No
Parking Requirement,""Strict. Must have secure, gated, or personal property parking for home-time.""","Category,Details
Experience Required,3 Months
Physical Demands,High. Box-by-box unloading; must handle extreme temperatures.
Shift / Schedule,Early AM deliveries; requires night and weekend driving.
Supply Requirement,Must bring 2 weeks of supplies to orientation.
Hiring Area,""IN, OH, MI"""
US Xpress,"Family Dollar Front Royal, VA",VA,22630,,,"Category,Details
Job Description,""Dedicated Family Dollar account out of Front Royal, VA. High-activity role delivering 100% touch freight to stores within a 700-mile radius.""
Freight Type,Dry Van (Dedicated)
Driver Type,Company Driver (Solo)
Home Time,Weekly
Home Time Duration,34-hour reset weekly.
Dedicated Account?,Yes
Avg Weekly Miles,""1,500""
No Touch Freight,NO
Driver Load / Unload,Driver Unload Required (100% touch freight; physical unloading at stores).","Category,Details
Average Weekly Pay,""$1,725 (Top 10% earn up to $2,200)""
CPM Range,$0.60 (0 mo) – $0.73 (120+ mo)
Unload Pay,$250.00 per trailer
Weekly Incentive,$125.00 (For completing 3 loads/full work week availability)
Sign-On Bonus,""$1,000 ($500 after 1st load, $500 after 30 days)""
Backhaul Pay,$35.00
Training Pay,$150 per day (1-week ride-along/shadow runs)","Category,Details
Equipment Type,Newer model sleeper trucks
Transmission Type,Automatics
Engine,Not Specified
Camera Orientation,""Front Facing, Event Only""
Bunks,Yes","Category,Details
Hiring Restrictions,No drivers currently at or recently left (<6 mos) JB Hunt or USA Truck (DB Schenker).
SAP Drivers,No
Trainees,No
Backing Ability,Must be comfortable with hard backing situations.","Category,Details
Experience Required,3 Months
Endorsements,Doubles endorsement preferred but not required.
Physical Demands,High. Physical manual unloading of trailers.
Shift / Schedule,""Includes nights, weekends, and holidays.""
Operating Area,""VA, NC, DC, PA, NJ, OH, and WV""
Hiring Area,""MD, NJ, PA, WV"""
Hogan,SAL Muncie,IN,47396,60,,"Category,Details
Job Description,Dedicated Save-A-Lot account delivering palletized groceries in reefer trailers. Drivers must check off product during delivery.
Freight Type,Reefer (Groceries)
Driver Type,Company Driver (Solo)
Home Time,Throughout the week (Up to 6 days/week)
Home Time Duration,34-hour reset completed at home; home throughout the week based on load timing.
Dedicated Account?,Yes
Avg Weekly Miles,""1,750""
No Touch Freight,YES (Store unloads trailer)
Driver Load / Unload,No (Check-off only)","Category,Details
Average Weekly Pay,""$1,635 – $1,770""
Annualized Pay,""$85,000 – $92,000 (Top 20% earn $115,000)""
CPM Range,$0.71 (0-1 yr) – $0.78 (7+ yrs)
Stop Pay,$19.00
Layover Pay,$50.00
Backhaul Pay,$19.00
Sign-On Bonus,""$5,000""
Referral Bonus,""$2,000""","Category,Details
Equipment Type,International Sleeper (TAS) or Day Cab (TADC)
Transmission Type,Primarily Automatics
Amenities,33% of trucks equipped with APUs
Camera Orientation,""Front Facing, Driver Facing (Event Only)""
Take Home Truck,NO (Slip seat required)","Category,Details
Drug Test Type,Hair Follicle
SAP Drivers,No
Pet/Rider Policy,NO (Neither allowed)
Take Home Truck,NO
Trainees,No (Must be experienced)","Category,Details
Experience Required,6 months
Work Schedule,Monday – Saturday; Dispatched between 12:00 AM – 3:00 PM.
Training,3–5 days specific training for experienced drivers.
Operational Area,""IN, OH, MI, IL, WI, MO, IA""
Residency,""Must live within 60 miles of Yorktown, IN."""
Bulk Transport,"Hannibal, MO Regional Heartland Dry Bulk",MO,63401,,,"Category,Details
Job Description,Regional pneumatic dry bulk operation hauling mostly cement. Loads in Quincy and runs through the Midwest.
Freight Type,Dry Bulk (Pneumatic)
Driver Type,Company Driver
Home Time,Weekly
Home Time Duration,M–F schedule; home weekends (can occasionally get in on Saturday).
Dedicated Account?,Yes
Avg Weekly Miles,""2,000 – 2,300""
No Touch Freight,NO
Driver Load / Unload,Driver Unload Required (Assist with loading; responsible for offloading product).","Category,Details
Average Weekly Pay,""$1,200 – $1,500""
Referral Bonus,""$1,500 ($750 at hire, $750 at 90 days)""
Orientation Pay,$200 for online completion
Onsite Training Pay,$120 per day
Road Training Pay,$120 per day (5–7 days duration)
Orientation Logistics,""5-day onsite in Jacksonville, FL (Dry Bulk). Plane/Rental provided.""","Category,Details
Equipment Type,2020 and newer Macks and Internationals
Transmission Type,Automatics and Manuals
Truck Speed,65 Pedal / 68 Cruise
Camera Orientation,N/A
Parking,Onsite at customer or approved secure location.","Category,Details
Drug Test Type,Both (Urine & Hair)
Pets/Passengers,NO (Neither allowed)
SAP Drivers,No
Trainees,No
Experience Required,6 months recent verifiable OR 1 year within the past 3 years.","Category,Details
Experience Required,24 Months (Per Needs Sheet; Job desc says 6-12 months)
Endorsements,TWIC preferred
Physical Demands,Responsible for loading and pneumatic offloading of bulk cement.
Operating Area,""IL, IN, Western OH, Southern MI, MO""
Orientation,""5-day onsite in Jacksonville, FL (Dry Bulk). Single occupancy lodging."""
Bulk Transport,"St. Louis, MO Regional Liquid",MO,63026,,,"Category,Details
Job Description,Regional bulk liquid tanker operation hauling general chemicals and hazmat materials. Primarily operating within the Midwest.
Freight Type,Liquid Tanker (Hazmat/Bulk)
Driver Type,Company Driver
Home Time,7–10 or 10–14 days out
Home Time Duration,34-hour reset when at home.
Dedicated Account?,Yes (General Chem)
Avg Weekly Miles,""2,200 – 2,500""
No Touch Freight,NO
Driver Load / Unload,Driver Unload Required (Will use pumps and hoses).","Category,Details
Average Weekly Pay,""$1,200 – $1,800""
Referral Bonus,""$1,500 ($750 at hire, $750 at 90 days)""
Orientation Pay,$200 (Online completion); $120/day (Onsite)
Road Training Pay,Week 1: $120/day; Week 2: $200/day
Orientation Logistics,""5-day onsite in Fenton, MO. Plane/Rental provided.""","Category,Details
Equipment Type,""2019 and newer Macks, Volvos, and Internationals""
Transmission Type,Manuals and Automatics
Truck Speed,65 Pedal / 68 Cruise
Camera Orientation,N/A
Parking,Operations approved location.","Category,Details
Drug Test Type,Both (Urine & Hair)
Pets/Passengers,NO (Neither allowed)
SAP Drivers,No
Trainees,No
Documentation,""Must have Tanker, Hazmat, and TWIC (Passport preferred).""","Category,Details
Experience Required,24 Months recent T/T experience (or 6 months liquid exp).
Endorsements,Tanker & Hazmat Required
Training,1–2 weeks mandatory road training depending on previous tanker exp.
Physical Demands,""Working with pumps, hoses, and hazardous chemicals.""
Hiring Area,""MO, IL, TN"""
Bulk Transport,"Childersburg, AL / ENEOS Liquid Regional",AL,35044,70,,"Category,Details
Job Description,Dedicated regional liquid tanker account hauling ENEOS products. Includes frequent Sunday starts and mid-week resets at home.
Freight Type,Liquid Tanker (ENEOS)
Driver Type,Company Driver
Home Time,Reset at Home
Home Time Duration,1–2 nights out per trip; all 34-hour resets are done at home.
Dedicated Account?,Yes
Avg Weekly Miles,""2,000""
No Touch Freight,NO
Driver Load / Unload,Driver Unload Required (Use of pump and hoses to unload into tanks and totes).","Category,Details
Average Weekly Pay,""$1,200 – $1,500""
Referral Bonus,""$1,500 ($750 at hire, $750 at 90 days)""
Orientation Pay,$200 (Online completion); $120/day (Onsite)
Road Training Pay,Week 1: $120/day; Week 2: $200/day
Orientation Logistics,""5-day onsite in Fenton, MO. Plane/Rental provided.""","Category,Details
Equipment Type,2019 and newer Macks and Internationals
Transmission Type,Automatics and Manuals
Truck Speed,65 Pedal / 68 Cruise
Camera Orientation,N/A
Parking,Onsite or pre-management approved location.","Category,Details
Drug Test Type,Both (Urine & Hair)
Pets/Passengers,NO (Neither allowed)
SAP Drivers,No
Trainees,No
Documentation,""Must have Tanker, Hazmat, and TWIC endorsements/cards.""","Category,Details
Experience Required,24 Months recent T/T experience (or 6 months liquid exp).
Endorsements,Tanker & Hazmat Required
Physical Demands,Physical labor involving pumps and hoses for tank/tote deliveries.
Schedule,Variable; often requires starting the work week on Sundays.
Operating Area,""AL, GA, KY, NC, IN, OH, TN, TX"""
US Xpress,Family Dollar Front Royal (DOUBLES DRIVERS) Team,VA,22630,,,"Category,Details
Job Description,Dedicated Family Dollar account specifically seeking drivers with (or willing to get) Doubles endorsements. 100% touch freight.
Freight Type,Dry Van (Dedicated)
Driver Type,Company Driver (Solo)
Home Time,Weekly
Home Time Duration,34-hour reset weekly. Possible extra home time for local residents.
Dedicated Account?,Yes
Avg Weekly Miles,""1,500""
No Touch Freight,NO
Driver Load / Unload,Driver Unload Required (100% touch freight; live unload at stores).","Category,Details
Average Weekly Pay,""$1,725 (Top earners up to $2,200)""
CPM Range,$0.60 (0 mo) – $0.73 (120+ mo)
Unload Pay,$250.00 per trailer
Weekly Incentive,$125.00 (For completing 3 unloads/full work week availability)
Sign-On Bonus,""$1,000 ($500 after 1st load, $500 after 30 days)""
Training Pay,$150 per day (1-week ride-along; includes shadow runs)
Backhaul Pay,$35.00","Category,Details
Equipment Type,Sleeper Tractors
Transmission Type,Automatics
Engine,Not Specified
Camera Orientation,""Front Facing, Event Only""
Bunks,Yes","Category,Details
Hiring Restrictions,No drivers from JB Hunt (unless approved) or USA Truck departed < 6 months ago.
Drug Test Type,Both (Urine & Hair)
SAP Drivers,No
Trainees,No
Endorsement Req,Must have or be willing to obtain a Doubles Endorsement.","Category,Details
Experience Required,3 Months
Endorsements,Doubles Endorsement (Preferred/Required for this specific class).
Physical Demands,High. Manual unloading of freight; must be comfortable with tight backing.
Orientation,3 Days in Atlanta for the Doubles Class.
Operating Area,""VA, NC, DC, PA, NJ, OH, MD, and WV (Within 700 miles of DC).""
Hiring Area,""MD, WV (Plus surrounding areas of Front Royal DC)."""
Barr-Nunn,Regional Midwest,IL,60436,,,"Category,Details
Job Description,""Midwest regional dry van operation emphasizing high safety standards and shorter haul efficiency through """"Band Pay.""""""
Freight Type,Dry Van
Driver Type,Company Driver (Solo)
Home Time,Weekends
Home Time Duration,Weekly resets at home.
Dedicated Account?,No (General Freight)
Avg Weekly Miles,Varies (Shorter hauls incentivized by Band Pay)
No Touch Freight,Yes
Driver Load / Unload,No","Category,Details
Average Weekly Pay,""$1,634 – $2,019""
Annualized Pay,$85k – $105k
Band Pay,Higher CPM on loads under 400 miles to reward short-haul work.
CSA Safety Bonus,Paid every 90 days: $700 – $875 + PTO.
On-Road Safety Bonus,$600 every 90 days.
Orientation Pay,$300 (Paid on 1st check)
Transition Bonus,CSA and On-Road bonuses paid on 1st check + extra bonus after 30 days.","Category,Details
Equipment Type,Late-model Sleepers
Transmission Type,Automatics
Camera Orientation,Event Only
Safety Features,PasSmart (Earn 68 MPH cruise for maintaining safety record).","Category,Details
Drug Test Type,Both (Urine & Hair)
SAP Drivers,No
Trainees,No
Experience Required,9 Months
HPE,Must pass Human Performance Evaluation.","Category,Details
Experience Required,9 Months
Endorsements,Hazmat preferred (increases CSA bonus amounts).
Orientation,""4 Days (Mon–Thu); Charlotte, NC; Columbus, OH; or Manchester, PA.""
Benefits,""BCBS Insurance after 60 days; 401(k) match up to $2,000 annually.""
Hiring Area,IL and the broader Midwest region."
US Xpress,"Whirlpool Bridgeton – Bridgeton, MO",MO,63044,,,"Category,Details
Job Description,Dedicated dry van account hauling finished Whirlpool appliances from the Bridgeton DC to regional distribution centers.
Freight Type,Dry Van (Dedicated)
Driver Type,Company Driver (Solo)
Home Time,Weekly
Home Time Duration,34-hour reset weekly.
Dedicated Account?,Yes
Avg Weekly Miles,""1,750""
No Touch Freight,Yes
Driver Load / Unload,No","Category,Details
Average Weekly Pay,""$1,400 Gross""
CPM Range,$0.58 (0–6 mo) – $0.67 (97+ mo)
Stop Pay,$20.00
Driver Assist Pay,$50.00 (If required)
Avg Loads per Week,4.5
Sign-On Bonus,See Tagging (Varies based on location)","Category,Details
Equipment Type,Sleeper Tractors
Transmission Type,Automatics
Engine,Not Specified
Camera Orientation,""Front Facing, Event Only""
Bunks,Yes","Category,Details
Drug Test Type,Both (Urine & Hair)
SAP Drivers,No
Trainees,No
Experience Required,3 Months","Category,Details
Experience Required,3 Months
Shift / Schedule,Night Driving Required. Routes often deliver straight through for AM deliveries.
Work Days,Freight moves 7 days a week; majority is Sunday – Thursday.
Operating Area,""TN, OK, MO, KS, AR, and NE""
Hiring Area,""IL, IN, KY, MO""
Orientation,3 Days (Chicago or closest terminal); Lodging and meals provided."
,,,,,,,,,,
Swift,SLC Linehaul,UT,84120,150,74135,"Category, Details

Job Description, OTR Dry Van Linehaul running Utah to Western 11 states; I-35 lanes in Central; all 48 states.

Freight Type, Dry Van OTR

Driver Type, Company Driver (Solo & Team)

Home Time, Every Two Weeks

Home Time Duration, Standard OTR rotation

Dedicated Account?, No

Avg Weekly Miles, 1,900

No Touch Freight, Yes

Driver Load / Unload, No (Live Load; Live Unload; Preload; Drop and Hook)","Category, Details

Average Weekly Pay, $1,200

Starting Rate, $0.50 per mile base pay with banded pay for lower-mile loads

After 6 Months, Standard Linehaul rates apply

Stop Pay, $15.00

Short Haul Pay, Same as OTR

Bonuses, Swift Driver Performance Bonus (DPP)

Training Pay, Not Specified

Accessorial Pay, Standard unload rates apply

Holiday Pay, Hometime requests honored for performers","Category, Details

Equipment Type, Sleeper Tractors

Transmission Type, Automatics & Manuals

Engine, Not Specified

Camera Orientation, ""Front Facing, Event Only""

Bunks, Yes","Category, Details

SAP Drivers, No

Teams Accepted, Yes

Owner Operators, No

Trainees, Yes","Category, Details
Experience Required, 12 months
Endorsements, None required
Residency, Must live within 150 miles of terminal
Shift / Schedule, Both Day/Night (Weekend work required)
Work Days, Holiday work expectations apply
Hiring Area, ""ID, NV, TX, UT, WY"""
,,,,,,,,,,
Sharkey,Midwest Regional Positions,IL,62301,50,N/A,"Category, Details

Job Description, Midwest regional positions covering multiple freight types including flatbed and dry van.

Freight Type, Dry Van; Reefer; Flatbed

Driver Type, Company Driver

Home Time, Weekends

Home Time Duration, Home weekly

Dedicated Account?, No

Avg Weekly Miles, Not Specified

No Touch Freight, Yes

Driver Load / Unload, No","Category, Details

Average Weekly Pay, ""$1,200–$1,600""

CPM Range, Not Specified

Stop Pay, Not Specified

Short Haul Pay, Not Specified

Bonuses, ""$2,000 Sign-On Bonus ($750 Wk 1; $750 Wk 2; $500 at 6 mo)""

Training Pay, Orientation Pay ($300)

Accessorial Pay, Premium-free family insurance after 90 days

Holiday Pay, Not Specified","Category, Details

Equipment Type, Sleeper Tractors

Transmission Type, Automatics

Engine, Not Specified

Camera Orientation, No Cameras

Bunks, Yes","Category, Details

SAP Drivers, No

Teams Accepted, No

Owner Operators, No

Trainees, No","Category, Details

Experience Required, 6 months verifiable

Endorsements, CDL-A required

Residency, Within hiring area of terminals (Quincy; Galesburg; etc.)

Shift / Schedule, Regional

Work Days, Monday - Friday (Weekends home)

Hiring Area, ""IA, IL, KS, MO"""
,,,,,,,,,,
Sharkey,"MO to IA, IL, WI and OH - Out and Back Lanes",Reefer,MO,64106,50,N/A,"Category, Details

Job Description, Out-and-back regional reefer lanes running from Missouri to the Midwest.

Freight Type, Reefer (Dry Van/Flatbed also available)

Driver Type, Company Driver

Home Time, Weekends

Home Time Duration, Home every weekend (or 23 days out/5 off option)

Dedicated Account?, No

Avg Weekly Miles, Not Specified

No Touch Freight, Yes

Driver Load / Unload, No","Category, Details

Average Weekly Pay, ""$1,300–$1,600 (Potential for $100k/year)""

CPM Range, Top CPM or Percent pay packages available

Stop Pay, Not Specified

Short Haul Pay, Out-and-back lanes

Bonuses, ""$2,000 Sign-On Bonus; $1,000 Annual Longevity; $1,000 Annual Safety & Performance""

Training Pay, Orientation Pay ($300)

Accessorial Pay, Premium-free family health insurance after 90 days

Holiday Pay, Not Specified","Category, Details

Equipment Type, Sleeper Tractors

Transmission Type, Automatics

Engine, Not Specified

Camera Orientation, No Cameras

Bunks, Yes","Category, Details

SAP Drivers, No

Teams Accepted, No

Owner Operators, No

Trainees, No"
,,,,,,,,,,
Sharkey,"Central MO to IL, WI, IN and Back",MO,65201,50,N/A,"Category, Details

Job Description, Out-and-back lanes originating from Central MO to IL, WI, and IN.

Freight Type, Dry Van; Reefer; Flatbed

Driver Type, Company Driver

Home Time, Every Weekend

Home Time Duration, Home weekly (Option for 23 days out / 5 days off)

Dedicated Account?, No

Avg Weekly Miles, Not Specified

No Touch Freight, Yes

Driver Load / Unload, No","Category, Details

Average Weekly Pay, ""$1,300–$1,600 ($100K annual potential)""

CPM Range, Top CPM or Percent pay packages available

Stop Pay, Not Specified

Short Haul Pay, Out-and-back lanes

Bonuses, ""$2,000 SOB; $1,000 Annual Longevity; $1,000 Annual Safety & Performance""

Training Pay, Orientation Pay ($300)

Accessorial Pay, Premium-free family health insurance after 90 days

Holiday Pay, Not Specified","Category, Details

Equipment Type, Sleeper Tractors

Transmission Type, Automatics

Engine, Not Specified

Camera Orientation, No Cameras

Bunks, Yes","Category, Details

SAP Drivers, No

Teams Accepted, No

Owner Operators, No

Trainees, No","Category, Details

Experience Required, 6 months verifiable

Endorsements, CDL-A required

Residency, Central MO area

Shift / Schedule, Regional out-and-back

Work Days, Mon–Fri (Home weekends)

Hiring Area, ""IL, IN, MO"""
,,,,,,,,,,
US Xpress,Midwest Regional,IL,60633,50,N/A,"Category, Details

Job Description, Chicago-based regional fleet designed for balanced miles and consistent home time.

Freight Type, Dry Van / Reefer

Driver Type, Company Driver (Solo)

Home Time, Weekly

Home Time Duration, 34-hour reset weekly

Dedicated Account?, No (OTR Regional)

Avg Weekly Miles, 2,000

No Touch Freight, Yes (100% No-Touch)

Driver Load / Unload, No (50-60% Drop & Hook; 40-50% Live Unload)","Category, Details

Average Weekly Pay, ""$1,100 - $1,200 gross""

CPM Range, Experience-based (plus up to 3 CPM performance bonus)

Stop Pay, Not Specified

Short Haul Pay, Avg haul 300 miles

Bonuses, ""$2,000 SOB ($500 first load; $500 at 30 days; $1,000 at 60 days)""

Training Pay, Paid Orientation (3 days)

Accessorial Pay, Detention ($12.50/hr after 2nd hr); Layover/Breakdown ($100/day)

Holiday Pay, Not Specified","Category, Details

Equipment Type, 2021 or newer Freightliner Cascadia or Kenworth

Transmission Type, Automatics

Engine, Not Specified

Camera Orientation, ""Front Facing, Event Only""

Bunks, Yes","Category, Details

SAP Drivers, No

Teams Accepted, No

Owner Operators, No

Trainees, No","Category, Details

Experience Required, 3 Months

Endorsements, Not Specified

Residency, Chicago-based domicile preferred

Shift / Schedule, Regionalized Freight

Work Days, Varies (Reset every week)

Hiring Area, ""IA, IL, IN, KS, KY, MD, MI, MN, MO, NE, OH, VA, WI, WV"""
,,,,,,,,,,
US Xpress,Southwest Regional,MS,38101,50,N/A,"Category,Details

Job Description,Regionalized freight designed to get drivers home weekly for a 34-hour reset.

Freight Type,Dry Van; Reefer

Driver Type,Company Driver

Home Time,Daily

Home Time Duration,Home weekly

Dedicated Account?,Yes

Avg Weekly Miles,""2,000""

No Touch Freight,Yes

Driver Load / Unload,No (50–60% drop & hook and 40–50% live unload)","Category,Details

Average Weekly Pay,""$1,100–$1,200 gross per week""

CPM Range,Experience-based

Stop Pay,Not Specified

Short Haul Pay,N/A

Bonuses,Sign-On Bonus: $500 after first load + $500 at 30 days; Performance Bonus: Up to 3 CPM

Training Pay,Paid Orientation (3 Days)

Accessorial Pay,Detention ($12.50/hr after 2nd hr); Layover/Breakdown ($100/day)

Holiday Pay,Not Specified","Category,Details

Equipment Type,2021 or newer Freightliner Cascadias or Kenworths

Transmission Type,Automatics

Engine,Not Specified

Camera Orientation,""Front Facing, Event Only""

Bunks,Yes","Category,Details

SAP Drivers,No

Teams Accepted,No

Owner Operators,Not Specified

Trainees,No","Category,Details

Experience Required,3 months

Endorsements,Not Specified

Residency,Memphis terminal domicile preferred

Shift / Schedule,Regional (Home Weekly)

Work Days,Varies (34-hour reset weekly)

Hiring Area,""AR, LA, MS, OK, TX"""
,,,,,,,,,,
Swift,"Campbells/Pepperidge Farm - Denver, PA",PA,17517,25,N/A,"Category,Details

Job Description,Dedicated account delivering dry goods; involves evening/late night delivery and physical unloads.

Freight Type,Dry Van (DED-DRY)

Driver Type,Company Driver (Solo)

Home Time,Daily

Home Time Duration,Twice per week; one day off mid-week and one day off over weekend (34-hour reset)

Dedicated Account?,Yes

Avg Weekly Miles,""1,800 – 2,000""

No Touch Freight,No

Driver Load / Unload,Yes (Full Hand Unload)","Category,Details

Average Weekly Pay,""$1,500 – $1,600 (Salary pay $1,550)""

CPM Range,Salary Based

Stop Pay,No Stop Pay

Short Haul Pay,No Short Haul Pay

Bonuses,No Bonus Offer

Training Pay,Orientation Pay ($300 if hired)

Accessorial Pay,N/A

Holiday Pay,Normally off on Holiday dates","Category,Details

Equipment Type,Dry Van

Transmission Type,Automatics & Manuals

Engine,Not Specified

Camera Orientation,""Front Facing, Event Only""

Bunks,Not Specified","Category,Details

SAP Drivers,No

Teams Accepted,No

Owner Operators,No

Trainees,No","Category,Details

Experience Required,6 months (Needs Sheet) / First Seat Experienced

Endorsements,None Required

Residency,Must live within 25 miles of Denver PA

Shift / Schedule,Both Day/Night (Evening/late night delivery common)

Work Days,Includes Weekends

Hiring Area,""Pittsburgh, Smock, Latrobe (PA)"""
,,,,,,,,,,
US Xpress,"FD Marianna, FL",FL,32446,50,N/A,"Category,Details

Job Description,Dedicated Family Dollar account involving 100% touch freight and physically demanding unloads.

Freight Type,Dry Van (100% Touch)

Driver Type,Company Driver (Solo)

Home Time,Weekly

Home Time Duration,Minimum once weekly (typically includes a 34-hour reset)

Dedicated Account?,Yes

Avg Weekly Miles,""1,600""

No Touch Freight,No

Driver Load / Unload,Yes (Box by box with rollers at Family Dollar/Dollar Tree)","Category,Details

Average Weekly Pay,""$1,400 ($72k/yr average; top earners $1,800/wk)""

CPM Range,$0.46 – $0.56 (Based on months of experience)

Stop Pay,Included in load pay

Short Haul Pay,N/A

Bonuses,Sign-On Bonus: Y/N (Check at orientation)

Training Pay,Ride-along pay: $150 per day

Accessorial Pay,Unload Pay: $230 per load; Backhaul Pay: $50

Holiday Pay,Not Specified","Category,Details

Equipment Type,Internationals; Freightliners; Kenworths

Transmission Type,Automatics

Engine,Not Specified

Camera Orientation,""Front Facing, Event Only""

Bunks,Yes","Category,Details

SAP Drivers,No

Teams Accepted,No

Owner Operators,No

Trainees,No","Category,Details

Experience Required,3 Months

Endorsements,Not Specified

Residency,Must have secure parking (gated/guarded) for truck and trailer

Shift / Schedule,Early AM deliveries; includes nights; weekends; and holidays

Work Days,Varies based on route demands

Hiring Area,""AL, FL, LA, MS"""
,,,,,,,,,,
Epes,Stickley Furniture,NY,13104,50,N/A,"Category,Details

Job Description,Multi-stop delivery of luxury furniture to dealers/warehouses; involves 100% tailgate deliveries.

Freight Type,Dry Van (Luxury Furniture)

Driver Type,Company Driver (Dedicated)

Home Time,Daily

Home Time Duration,34-hour restart typically on weekends (Regional routes); longer routes available (2-3 weeks out)

Dedicated Account?,Yes

Avg Weekly Miles,""2,500 – 3,300""

No Touch Freight,No

Driver Load / Unload,Yes (100% Tailgate: moving product to rear of trailer)","Category,Details

Average Weekly Pay,""$1,700 – $1,900 (Longer routes earn more)""

CPM Range,$0.54 CPM

Stop Pay,$40.00 per stop (Avg 6.2 stops per load)

Short Haul Pay,N/A

Bonuses,Canadian Border Cross Pay: $75.00

Training Pay,Orientation Pay: $125 – $225

Accessorial Pay,Holiday/Vacation Pay based on 52-week avg; Breakdown/Layover available

Holiday Pay,Avg of prior 52 weeks (converted to 8 hours)","Category,Details

Equipment Type,Assigned Single Sleepers with APU

Transmission Type,Automatics

Engine,Not Specified

Camera Orientation,""Front Facing, Driver Facing, Event Only""

Bunks,Yes","Category,Details

SAP Drivers,No

Teams Accepted,No (Assigned Single Sleeper)

Owner Operators,No

Trainees,No","Category,Details

Experience Required,12 Months

Endorsements,Passport Required (for Canadian routes)

Residency,Must live within hiring area of NY/NJ/PA

Shift / Schedule,Mon-Fri common; Sunday afternoon departures possible

Work Days,Varies by route (Regional or OTR options)

Hiring Area,""NJ, NY, PA"""
\,,,,,,,,,,
US Xpress,DT Windsor CT,CT,6095,50,N/A,"Category,Details

Job Description,Dedicated Dollar Tree account involving 100% touch freight and manual box-by-box unloading with rollers.

Freight Type,Dry Van / Reefer

Driver Type,Company Driver (Solo)

Home Time,Weekly

Home Time Duration,Minimum home weekly (Not guaranteed daily or every weekend)

Dedicated Account?,Yes

Avg Weekly Miles,""1,500""

No Touch Freight,No

Driver Load / Unload,Yes (Manual unload required; physically demanding)","Category,Details

Average Weekly Pay,""$1,500 – $1,750 (Top earners $2,200 – $2,400)""

CPM Range,$0.53 – $0.73 (Based on months of experience)

Stop Pay,Included in unload pay

Short Haul Pay,N/A

Bonuses,""$50 Weekly Incentive Bonus (Full availability); NYC Borough Pay: $250""

Training Pay,Mentor ride-along: $150 per day (1–3 days)

Accessorial Pay,Unload Pay: $240 per unload; Backhaul Pay: $105

Holiday Pay,Nights/Weekends/Holidays required","Category,Details

Equipment Type,Tractor assigned on last day of orientation

Transmission Type,Automatics

Engine,Not Specified

Camera Orientation,""Front Facing, Event Only""

Bunks,Yes","Category,Details

SAP Drivers,No

Teams Accepted,No

Owner Operators,No

Trainees,No","Category,Details

Experience Required,3 Months

Endorsements,Not Specified

Residency,Must have secure parking location for truck and trailer

Shift / Schedule,Nights required; physically demanding

Work Days,Includes weekends and holidays

Hiring Area,""CT, MA, NH, NJ, NY, PA, RI, VT"""
,,,,,,,,,,
US Xpress,Southeast Regional,GA,30294,50,N/A,"Category,Details

Job Description,Regionalized freight based out of the Ellenwood terminal designed for consistent weekly home time.

Freight Type,Dry Van / Reefer

Driver Type,Company Driver (Solo)

Home Time,Weekly

Home Time Duration,34-hour reset weekly

Dedicated Account?,No (OTR Regional)

Avg Weekly Miles,""1,800""

No Touch Freight,Yes (100% No-Touch)

Driver Load / Unload,No (50–60% Drop & Hook; 40–50% Live Unload)","Category,Details

Average Weekly Pay,""$1,000 – $1,100 gross""

CPM Range,Experience-based (plus up to 3 CPM performance bonus)

Stop Pay,Not Specified

Short Haul Pay,N/A

Bonuses,Performance Bonus: Up to 3 CPM based on safety and productivity

Training Pay,Paid Orientation (3 Days)

Accessorial Pay,Detention ($12.50/hr after 2nd hr); Layover/Breakdown ($100/day)

Holiday Pay,Not Specified","Category,Details

Equipment Type,2021 or newer Freightliner Cascadias or Kenworths

Transmission Type,Automatics

Engine,Not Specified

Camera Orientation,""Front Facing, Event Only""

Bunks,Yes","Category,Details

SAP Drivers,No

Teams Accepted,No

Owner Operators,No

Trainees,No","Category,Details

Experience Required,3 Months

Endorsements,Not Specified

Residency,Ellenwood terminal domicile preferred

Shift / Schedule,Regional (Home Weekly)

Work Days,Varies (Reset every week)

Hiring Area,""AL, FL, GA, NC, SC, TN"""
,,,,,,,,,,
CR England,"Family Dollar - Odessa, TX",TX,79761,75,N/A,"Category,Details

Job Description,Dedicated account requiring manual unload of dry freight via gravity rollers; no pallets or lumpers.

Freight Type,Dry Van (100% Touch)

Driver Type,Company Driver (Solo)

Home Time,Weekly

Home Time Duration,34-hour reset weekly (Dates may vary based on freight)

Dedicated Account?,Yes

Avg Weekly Miles,""2,000""

No Touch Freight,No

Driver Load / Unload,Yes (Manual unload; average 2-3 loads per week with 2-6 stops per load)","Category,Details

Average Weekly Pay,""$1,500""

CPM Range,$0.56 – $0.63 (Based on years of experience)

Stop Pay,Included in load pay

Short Haul Pay,N/A

Bonuses,Unlimited Cash Referral Program; Paid Time Off & Bonus Incentives

Training Pay,""$200 per day during 1 to 1.5 week mentor period (3 loads)""

Accessorial Pay,Unload Pay: $285 per load

Holiday Pay,Not Specified","Category,Details

Equipment Type,Tractor assigned after training; APU not specified

Transmission Type,Automatics

Engine,Not Specified

Camera Orientation,""Front Facing, Event Only""

Bunks,Yes","Category,Details

SAP Drivers,No

Teams Accepted,No

Owner Operators,No

Trainees,No","Category,Details

Experience Required,6 Months

Endorsements,Not Specified

Residency,Must have secure location to take truck home

Shift / Schedule,Regional freight requirements

Work Days,Varies (Home weekly)

Hiring Area,""Abilene, TX; El Paso, TX; Deming, NM"""
,,,,,,,,,,
US Xpress,"FD Front Royal, VA LP",VA,22630,50,N/A,"Category,Details

Job Description,Dedicated Family Dollar Lease Purchase account involving 100% touch freight and multi-stop deliveries.

Freight Type,Dry Van / Reefer

Driver Type,Lease Purchase (Solo)

Home Time,Weekly

Home Time Duration,34-hour reset weekly based on customer needs

Dedicated Account?,Yes

Avg Weekly Miles,""1,500""

No Touch Freight,No

Driver Load / Unload,Yes (100% Driver touch unload; avg 2,900 pieces per load)","Category,Details

Average Weekly Pay,""$3,000 Gross ($156,000 Annually)""

CPM Range,$1.44 per mile on all dispatched miles + fuel surcharge

Stop Pay,Included in load pay (Up to 5 stops per trailer)

Short Haul Pay,N/A

Bonuses,N/A (LPs do not receive orientation pay)

Training Pay,One-week ride-along: $150 per day

Accessorial Pay,Unload Pay: $275 per load; Backhaul Pay: $30

Holiday Pay,Not Specified","Category,Details

Equipment Type,2021–2024 Freightliners (With or without APU)

Transmission Type,Automatics

Engine,Not Specified

Camera Orientation,""Front Facing, Event Only""

Bunks,Yes","Category,Details

SAP Drivers,No

Teams Accepted,No

Owner Operators,Lease Purchase Only

Trainees,No","Category,Details

Experience Required,6 months in the last 3 years

Endorsements,Not Specified

Residency,No CA; NY; IL; NJ; CT; WA; OR; MA; MD; PA (for hiring)

Shift / Schedule,Monday Orientation Only; Experience all four seasons

Work Days,Varies (Home weekly reset)

Hiring Area,""MD, VA, WV"""
,,,,,,,,,,
US Xpress,"DT Warrensburg, MO Lease Purchase",MO,64093,50,N/A,"Category,Details

Job Description,Dedicated Dollar Tree Lease Purchase account requiring 100% touch freight and multi-stop deliveries (up to 4 stops).

Freight Type,Dry Van / Reefer

Driver Type,Lease Purchase (Solo)

Home Time,Weekly

Home Time Duration,34-hour reset based on customer needs; delivery days; and market

Dedicated Account?,Yes

Avg Weekly Miles,""1,700""

No Touch Freight,No

Driver Load / Unload,Yes (100% Driver touch unload; avg 3,500 pieces per trailer)","Category,Details

Average Weekly Pay,""$3,600 Gross ($187,000 Annually)""

CPM Range,$1.20 per mile + fuel surcharge

Stop Pay,$25.00 per stop

Short Haul Pay,N/A

Bonuses,N/A (LPs do not receive orientation pay)

Training Pay,1 week ride-along: $150 per day

Accessorial Pay,Unload Pay: $275 per load; Backhaul Pay: $50

Holiday Pay,Not Specified","Category,Details

Equipment Type,2021-2024 Freightliners (With or without APU)

Transmission Type,Automatics

Engine,Not Specified

Camera Orientation,""Front Facing, Event Only""

Bunks,Yes","Category,Details

SAP Drivers,No

Teams Accepted,No

Owner Operators,Lease Purchase Only

Trainees,No","Category,Details

Experience Required,6 months in the last 3 years

Endorsements,Not Specified

Residency,NO IL DRIVERS

Shift / Schedule,Monday Orientation Only; tight backing areas

Work Days,Varies (Home weekly reset)

Hiring Area,""IA, KS, MN, MO"""
,,,,,,,,,,
US Xpress,"Kroger Roanoke, VA",VA,24001,50,N/A,"Category,Details

Job Description,Dedicated reefer deliveries to grocery stores in VA and WV; primarily overnight operations.

Freight Type,Dry Van / Reefer

Driver Type,Company Driver (Solo)

Home Time,Weekly

Home Time Duration,34-hour reset weekly (Drivers within 30 miles of DC may take 10-hour breaks at home daily)

Dedicated Account?,Yes

Avg Weekly Miles,""2,000""

No Touch Freight,No

Driver Load / Unload,Yes (Required to unload freight using a powered pallet jack)","Category,Details

Average Weekly Pay,""$1,450 ($75,000+ Annual Potential)""

CPM Range,$0.53 – $0.58 (Based on months of experience)

Stop Pay,$20 per stop (including first)

Short Haul Pay,N/A

Bonuses,""$2,500 Sign-On Bonus (Paid out over 180 days)""

Training Pay,Powered pallet jack training provided

Accessorial Pay,Unload Pay: $55 per full unload

Holiday Pay,Holiday weeks (including the week prior) are mandatory","Category,Details

Equipment Type,Assigned sleeper trucks

Transmission Type,Automatics

Engine,Not Specified

Camera Orientation,""Front Facing, Event Only""

Bunks,Yes","Category,Details

SAP Drivers,No

Teams Accepted,No

Owner Operators,No

Trainees,No","Category,Details

Experience Required,3 Months

Endorsements,Not Specified

Residency,Must live within hiring area of Roanoke DC

Shift / Schedule,Primarily overnight; 7 days a week operation

Work Days,Nights; Weekends; and Holidays required

Hiring Area,""VA, WV"""
,,,,,,,,,,
CR England,"Sysco - Front Royal, VA",VA,22630,50,N/A,"Category,Details

Job Description,Dedicated account delivering refrigerated loads between Sysco warehouses; mixture of drop & hook and live loads.

Freight Type,Reefer (No-Touch)

Driver Type,Company Driver (Solo)

Home Time,Weekly / Bi-Weekly

Home Time Duration,Most home weekly; guaranteed home every other weekend for 34-hour reset

Dedicated Account?,Yes

Avg Weekly Miles,Not Specified

No Touch Freight,Yes

Driver Load / Unload,No","Category,Details

Average Weekly Pay,""$1,500 Gross""

CPM Range,$0.65 – $0.70 (Based on months of experience)

Stop Pay,Not Specified

Short Haul Pay,N/A

Bonuses,""Safe & On-time bonus (up to 3 CPM); Hazmat load pay ($75); Unlimited Cash Referral Program""

Training Pay,5-Day Mentor Pay: $150 per day

Accessorial Pay,Detention Pay ($20/hr after 2 hrs on backhauls ONLY)

Holiday Pay,Not Specified","Category,Details

Equipment Type,Tractor/Trailer (Assigned sleepers)

Transmission Type,Automatics

Engine,Not Specified

Camera Orientation,""Front Facing, Event Only""

Bunks,Yes","Category,Details

SAP Drivers,No

Teams Accepted,No

Owner Operators,No

Trainees,No","Category,Details

Experience Required,3 Months

Endorsements,Hazmat required within 90 days

Residency,Must have safe/secure parking for tractor & trailer near home

Shift / Schedule,NIGHT Driving is required

Work Days,Varies

Hiring Area,""Harmony, PA; Front Royal, VA; Jessup, MD"""
,,,,,,,,,,
Epes,IP Lafayette LA regional LOOP driver,LA,70508,50,N/A,"Category,Details

Job Description,Regional loop driver handling dedicated routes with a high reliance on backhauls; not a home-daily position.

Freight Type,Dry Van (Mostly live unload)

Driver Type,Company Driver (Solo)

Home Time,Weekly

Home Time Duration,Weekends

Dedicated Account?,Yes

Avg Weekly Miles,""2,200 – 2,800""

No Touch Freight,Yes

Driver Load / Unload,No","Category,Details

Average Weekly Pay,""$1,188 – $1,512""

CPM Range,$0.51 (Increases $.01 annually up to $.54)

Stop Pay,Standard OTR rates

Short Haul Pay,N/A

Bonuses,N/A

Training Pay,Orientation Pay ($125 – $225)

Accessorial Pay,Holiday/Vacation Pay based on 52-week average

Holiday Pay,Average of prior 52 weeks","Category,Details

Equipment Type,OTR Tractors (Assigned)

Transmission Type,Automatics

Engine,Not Specified

Camera Orientation,""Front Facing, Driver Facing, Event Only""

Bunks,Yes","Category,Details

SAP Drivers,No

Teams Accepted,No

Owner Operators,No

Trainees,No","Category,Details

Experience Required,12 Months

Endorsements,Not Specified

Residency,Must live within 1 hour of Lafayette LA or Houston TX

Shift / Schedule,Start times by 7 AM or earlier recommended

Work Days,Mon–Fri (Weekends as needed)

Hiring Area,""LA, TX"""
,,,,,,,,,,
Swift,"Intermodal - Columbus, OH Regional",OH,43228,50,N/A,"Category,Details

Job Description,Regional intermodal container transport; involves winter driving conditions.

Freight Type,Intermodal Container (DED-INT)

Driver Type,Company Driver (Solo)

Home Time,Daily

Home Time Duration,Daily (34-hour resets weekly)

Dedicated Account?,Yes (Intermodal)

Avg Weekly Miles,""2,000""

No Touch Freight,Yes

Driver Load / Unload,No","Category,Details

Average Weekly Pay,""$1,100""

CPM Range,$0.37 – $0.43 (Experience-based)

Stop Pay,No Stop Pay

Short Haul Pay,$40 for loads under 100 miles<br>Bonuses,""$40 Spiff per customer paid load; Night ($.06) and Weekend ($.12) diffs""

Training Pay,Orientation Pay ($300 if hired)

Accessorial Pay,N/A

Holiday Pay,Holiday work expectations apply","Category,Details

Equipment Type,Intermodal Containers

Transmission Type,Automatics & Manuals

Engine,Not Specified

Camera Orientation,""Front Facing, Event Only""

Bunks,Not Specified","Category,Details

SAP Drivers,No

Teams Accepted,No

Owner Operators,No

Trainees,No","Category,Details

Experience Required,3 Months (Min) / 6 Months (Needs Sheet)

Endorsements,None Required

Residency,Must live within 50 miles of Columbus; OH

Shift / Schedule,SUN-THUR or TUE-SAT (Night shift: 1900–0400)

Work Days,Includes weekends and holidays

Hiring Area,Columbus; OH"
,,,,,,,,,,
US Xpress,NE Regional,PA,17257,50,N/A,"Category,Details

Job Description,Regional OTR fleet serving the Northeast from VA to ME; NYC driving optional.

Freight Type,Dry Van / Reefer

Driver Type,Company Driver (Solo)

Home Time,Weekly

Home Time Duration,Weekly 34-hour reset (Not a weekend-off schedule)

Dedicated Account?,No (OTR Regional)

Avg Weekly Miles,""1,500""

No Touch Freight,Yes

Driver Load / Unload,No (Combination of live loads and preloaded trailers)","Category,Details

Average Weekly Pay,""$1,200 – $1,275 (Estimated based on 1500 miles)""

CPM Range,$0.80 – $0.85 (Based on verified experience)

Stop Pay,""$20 1st stop / $35 2nd / $50 3rd+""

Short Haul Pay,N/A

Bonuses,""$1,000 SOB ($500 1st load / $500 at 30 days); Performance Bonus: Up to 3 CPM""

Training Pay,Paid Orientation (3 Days)

Accessorial Pay,Long Island Borough Pay ($65); Detention ($12.50/hr after 2 hrs)

Holiday Pay,Not Specified","Category,Details

Equipment Type,2021 or newer Freightliner Cascadia or Kenworth

Transmission Type,Automatics

Engine,Not Specified

Camera Orientation,""Front Facing, Event Only""

Bunks,Yes","Category,Details

SAP Drivers,No

Teams Accepted,No

Owner Operators,No

Trainees,No","Category,Details

Experience Required,3 Months

Endorsements,Not Specified

Residency,Shippensburg domicile preferred

Shift / Schedule,Regional (Home Weekly); optional weekend routes for extra miles

Work Days,Varies (Typically reset at home)

Hiring Area,""CT, DE, MA, MD, NJ, NY, PA"""
,,,,,,,,,,
CR England,Harbor Freight Regional Rockies,WA,98406,50,N/A,"Category,Details

Job Description,Dedicated regional multi-stop route delivering from Tacoma DC to Harbor Freight stores in CA, UT, CO, ID, WA, OR, and MT.

Freight Type,Dry Van (No-Touch)

Driver Type,Company Driver (Solo)

Home Time,Bi-Weekly

Home Time Duration,Out 2 weeks / Home 2 days

Dedicated Account?,Yes

Avg Weekly Miles,Not Specified

No Touch Freight,Yes

Driver Load / Unload,No","Category,Details

Average Weekly Pay,""$1,546 ($1,635 for Top Drivers)""

CPM Range,$0.63 – $0.71 (Based on years of experience)

Stop Pay,$20 per stop (Avg 18 stops per week)

Short Haul Pay,N/A

Bonuses,Unlimited Cash Referral Program; PTO & Bonus Incentives

Training Pay,Paid minimum wage for actual orientation hours

Accessorial Pay,Detention Pay ($20/hr after 2 hrs up to 10 hrs)

Holiday Pay,Not Specified","Category,Details

Equipment Type,Tractor (Cannot be taken home; must use reliable transport to terminal)

Transmission Type,Automatics

Engine,Not Specified

Camera Orientation,""Front Facing, Event Only""

Bunks,Yes","Category,Details

SAP Drivers,No

Teams Accepted,No

Owner Operators,No

Trainees,No","Category,Details

Experience Required,3 Months

Endorsements,Not Specified

Residency,Must live in CO or UT (Specific parking rules for SLC/FT Lupton)

Shift / Schedule,Regional Multi-stop; Remote orientation available (Starts Mondays)

Work Days,Varies (2 weeks out)

Hiring Area,""CO, UT"""
,,,,,,,,,,
Pam,ARLINGTONMASTER,TX,78040,50,N/A,"Category,Details

Job Description,Dedicated Laredo to Arlington loop; 3 turns per week (6 days) delivering to Arlington plant and Dallas offsite facilities.

Freight Type,Dry Van

Driver Type,Lease Purchase / Owner Operator (Solo)

Home Time,Weekly

Home Time Duration,34-hour reset weekly

Dedicated Account?,Yes

Avg Weekly Miles,""2,592""

No Touch Freight,Yes

Driver Load / Unload,No (Live unload and reload; No Drop & Hook)","Category,Details

Average Weekly Pay,""$2,721.60 Gross (Based on 2592 miles at $1.05)""

CPM Range,$1.05 per mile (Owner Operator Solo)

Stop Pay,Not Specified (Some loads include 2 stops)

Short Haul Pay,N/A

Bonuses,N/A

Training Pay,Orientation Pay: $200 (if hired)

Accessorial Pay,Medical/Vision/Dental available for purchase; 401(k) with 3% match

Holiday Pay,Not Specified","Category,Details

Equipment Type,Owner Operator / Lease Purchase Trucks

Transmission Type,Automatics & Manuals

Engine,Not Specified

Camera Orientation,No Cameras

Bunks,Yes","Category,Details

SAP Drivers,No

Teams Accepted,No (Solo only)

Owner Operators,Yes (Lease Operators and True Owners only)

Trainees,No","Category,Details

Experience Required,3 Months

Endorsements,Not Specified

Residency,Must live within 50 miles of Laredo; TX

Shift / Schedule,Flexibility for day and night shifts; 6 days on/1 day off

Work Days,6 days per week (3 turns)

Hiring Area,Laredo; TX"
,,,,,,,,,,
Pam,SAMSDEDICLEV,OH,44126,75,N/A,"Category, Details

Job Description, Regional dedicated opportunity running out of North Canton, OH with deliveries to Maryland and Virginia.

Freight Type, Dry Van

Driver Type, Company Truck Solo

Home Time, Weekly

Home Time Duration, 2 days every week (34-hour reset; weekends not guaranteed)

Dedicated Account?, Yes

Avg Weekly Miles, ""2,200 – 3,200""

No Touch Freight, Yes

Driver Load / Unload, No","Category, Details

Average Weekly Pay, ""$1,210 – $1,760 (Estimated based on mileage + trailer moves)""

CPM Range, $0.55 CPM

Stop Pay, Not Specified

Short Haul Pay, N/A

Bonuses, OTR Weekly Performance Pay; PTO accrual starts day one

Training Pay, Orientation Pay ($200 if hired)

Accessorial Pay, ""$15.00 per trailer move (10–13 moves per week)""

Holiday Pay, Average of prior 52 weeks","Category, Details

Equipment Type, Company Tractor

Transmission Type, Automatics & Manuals

Engine, Not Specified

Camera Orientation, No Cameras

Bunks, Yes","Category, Details

SAP Drivers, No

Teams Accepted, No

Owner Operators, No

Trainees, No","Category, Details

Experience Required, 3 Months

Endorsements, Not Specified

Residency, Must live within 75 miles of Cleveland or North Canton area

Shift / Schedule, 6 days per week work schedule

Work Days, 6 days on / 2 days off (No set 34-hour reset day)

Hiring Area, ""OH, PA"""
,,,,,,,,,,
Pam,SHONERBANGORME,ME,4401,50,N/A,"Category, Details

Job Description, Highly service-critical account hauling for TJ Maxx; Walmart; and Sam’s Club.

Freight Type, Dry Van (Service-critical)

Driver Type, Company Truck Solo

Home Time, Not Specified

Home Time Duration, Not Specified

Dedicated Account?, Yes

Avg Weekly Miles, ""1,800""

No Touch Freight, Yes

Driver Load / Unload, No","Category, Details

Average Weekly Pay, ""$1,200 – $1,500""

CPM Range, ""Tiered Pay: $0.65 – $1.25 (Based on haul length)""

Stop Pay, Not Specified

Short Haul Pay, $80 flat rate for 0–50 miles

Bonuses, PTO accrual starts day one

Training Pay, Orientation Pay ($200 if hired)

Accessorial Pay, Tiered mileage rates (81–250 mi: $0.80 / 251+ mi: $0.65)

Holiday Pay, Average of prior 52 weeks","Category, Details

Equipment Type, Company Tractor

Transmission Type, Automatics & Manuals

Engine, Not Specified

Camera Orientation, No Cameras

Bunks, Yes","Category, Details

SAP Drivers, No

Teams Accepted, No

Owner Operators, No

Trainees, No","Category, Details

Experience Required, 3 Months

Endorsements, Not Specified

Residency, Must live within 50 miles of Bangor; ME

Shift / Schedule, High-service (98% on-time requirement)

Work Days, Varies based on freight mix

Hiring Area, Maine"
,,,,,,,,,,
Pam,SHONERCHPA,PA,17001,50,N/A,"Category, Details

Job Description, Northeast regional service-critical account hauling for TJ Maxx; Walmart; and Sam’s Club.

Freight Type, Dry Van

Driver Type, Company Truck Solo

Home Time, Weekly (34-hour reset)

Home Time Duration, Not Specified (6-day work week required)

Dedicated Account?, Yes

Avg Weekly Miles, ""1,800""

No Touch Freight, Yes

Driver Load / Unload, No","Category, Details

Average Weekly Pay, ""$1,200 – $1,500""

CPM Range, ""Tiered Pay: $0.65 – $1.25 (Haul length based)""

Stop Pay, Not Specified

Short Haul Pay, $80 flat rate for 0–50 miles

Bonuses, PTO accrual begins day one

Training Pay, Orientation Pay ($200 if hired)

Accessorial Pay, Tiered rates (81–250 mi: $0.80 / 251+ mi: $0.65)

Holiday Pay, Average of prior 52 weeks","Category, Details

Equipment Type, Company Tractor

Transmission Type, Automatics & Manuals

Engine, Not Specified

Camera Orientation, No Cameras

Bunks, Yes","Category, Details

SAP Drivers, No

Teams Accepted, No

Owner Operators, No

Trainees, No","Category, Details

Experience Required, 3 Months

Endorsements, Not Specified

Residency, Must live within 50 miles of Camp Hill; PA

Shift / Schedule, High-service (98% on-time requirement); 6-day work week

Work Days, Mon–Sat (Typically)

Hiring Area, ""NJ, MA, MD, PA, NY, ME, NH, CT"""
,,,,,,,,,,
Pam,SHONERDISNJ,NJ,8817,50,N/A,"Category, Details

Job Description, Service-critical account hauling for major retailers (TJ Maxx; Walmart; Sam’s Club) based out of Edison; NJ.

Freight Type, Dry Van

Driver Type, Company Truck Solo

Home Time, Weekly (34-hour reset)

Home Time Duration, Not Specified

Dedicated Account?, Yes

Avg Weekly Miles, ""1,800""

No Touch Freight, Yes

Driver Load / Unload, No","Category, Details

Average Weekly Pay, ""$1,200 – $1,500""

CPM Range, ""Tiered Pay: $0.65 – $1.25 (Based on mileage)""

Stop Pay, Not Specified

Short Haul Pay, $80 flat rate for 0–50 miles

Bonuses, PTO accrual begins day one

Training Pay, Orientation Pay ($200 if hired)

Accessorial Pay, Tiered rates (81–250 mi: $0.80 / 251+ mi: $0.65)

Holiday Pay, Average of prior 52 weeks","Category, Details

Equipment Type, Company Tractor

Transmission Type, Automatics & Manuals

Engine, Not Specified

Camera Orientation, No Cameras

Bunks, Yes","Category, Details

SAP Drivers, No

Teams Accepted, No

Owner Operators, No

Trainees, No","Category, Details

Experience Required, 3 Months

Endorsements, Not Specified

Residency, Must live within 50 miles of Edison; NJ

Shift / Schedule, Highly service-critical (98% on-time performance required)

Work Days, Varies based on freight mix

Hiring Area, ""NJ, NY, PA"""
,,,,,,,,,,
Pam,SHONERELKRMD,MD,21075,50,N/A,"Category, Details

Job Description, Service-critical Northeast regional account hauling for TJ Maxx; Walmart; and Sam’s Club.

Freight Type, Dry Van

Driver Type, Company Truck Solo

Home Time, Weekly (34-hour reset)

Home Time Duration, Not Specified (6-day work week required)

Dedicated Account?, Yes

Avg Weekly Miles, ""1,800""

No Touch Freight, Yes

Driver Load / Unload, No","Category, Details

Average Weekly Pay, ""$1,200 – $1,500""

CPM Range, ""Tiered Pay: $0.65 – $1.25 (Haul length based)""

Stop Pay, Not Specified

Short Haul Pay, $80 flat rate for 0–50 miles

Bonuses, PTO accrual begins day one

Training Pay, Orientation Pay ($200 if hired)

Accessorial Pay, Tiered rates (81–250 mi: $0.80 / 251+ mi: $0.65)

Holiday Pay, Average of prior 52 weeks","Category, Details

Equipment Type, Company Tractor

Transmission Type, Automatics & Manuals

Engine, Not Specified

Camera Orientation, No Cameras

Bunks, Yes","Category, Details

SAP Drivers, No

Teams Accepted, No

Owner Operators, No

Trainees, No","Category, Details

Experience Required, 3 Months

Endorsements, Not Specified

Residency, Must live within 50 miles of Elkridge; MD

Shift / Schedule, High-service (98% on-time requirement); 6-day work week

Work Days, Mon–Sat (Typically)

Hiring Area, ""NJ, MA, MD, NY, ME, CT"""
,,,,,,,,,,
Pam,SHONERLEBAPA,PA,17042,50,N/A,"Category, Details

Job Description, Service-critical account hauling for multiple major retailers including TJ Maxx; Walmart; and Sam’s Club.

Freight Type, Dry Van

Driver Type, Company Truck Solo

Home Time, Weekly (34-hour reset)

Home Time Duration, Not Specified

Dedicated Account?, Yes

Avg Weekly Miles, ""1,800""

No Touch Freight, Yes

Driver Load / Unload, No","Category, Details

Average Weekly Pay, ""$1,200 – $1,500""

CPM Range, ""Tiered Pay: $0.65 – $1.25 (Based on mileage)""

Stop Pay, Not Specified

Short Haul Pay, $80 flat rate for 0–50 miles

Bonuses, PTO accrual begins day one

Training Pay, Orientation Pay ($200 if hired)

Accessorial Pay, Tiered rates (81–250 mi: $0.80 / 251+ mi: $0.65)

Holiday Pay, Average of prior 52 weeks","Category, Details

Equipment Type, Company Tractor

Transmission Type, Automatics & Manuals

Engine, Not Specified

Camera Orientation, No Cameras

Bunks, Yes","Category, Details

SAP Drivers, No

Teams Accepted, No

Owner Operators, No

Trainees, No","Category, Details

Experience Required, 3 Months

Endorsements, Not Specified

Residency, Must live within 50 miles of Lebanon; PA

Shift / Schedule, High-service (98% on-time performance required)

Work Days, Varies based on freight mix

Hiring Area, ""MD, PA"""
,,,,,,,,,,
Pam,SHONERNOHACT,CT,6473,50,N/A,"Category, Details

Job Description, Service-critical account hauling for major retailers (TJ Maxx; Walmart; Sam’s Club) based out of North Haven.

Freight Type, Dry Van

Driver Type, Company Truck Solo

Home Time, Weekly (34-hour reset)

Home Time Duration, Not Specified

Dedicated Account?, Yes

Avg Weekly Miles, ""1,800""

No Touch Freight, Yes

Driver Load / Unload, No","Category, Details

Average Weekly Pay, ""$1,200 – $1,500""

CPM Range, ""Tiered Pay: $0.65 – $1.25 (Based on mileage)""

Stop Pay, Not Specified

Short Haul Pay, $80 flat rate for 0–50 miles

Bonuses, PTO accrual begins day one

Training Pay, Orientation Pay ($200 if hired)

Accessorial Pay, Tiered rates (81–250 mi: $0.80 / 251+ mi: $0.65)

Holiday Pay, Average of prior 52 weeks","Category, Details

Equipment Type, Company Tractor

Transmission Type, Automatics & Manuals

Engine, Not Specified

Camera Orientation, No Cameras

Bunks, Yes","Category, Details

SAP Drivers, No

Teams Accepted, No

Owner Operators, No

Trainees, No","Category, Details

Experience Required, 3 Months

Endorsements, Not Specified

Residency, Must live within 50 miles of North Haven; CT

Shift / Schedule, High-service (98% on-time requirement)

Work Days, Varies based on freight mix

Hiring Area, ""CT, MA, NY"""
,,,,,,,,,,
Pam,SHONERSECANJ,NJ,7094,50,N/A,"Category, Details

Job Description, Service-critical account based in Secaucus hauling for major retailers (TJ Maxx; Walmart; Sam’s Club).

Freight Type, Dry Van

Driver Type, Company Truck Solo

Home Time, Weekly (34-hour reset)

Home Time Duration, Not Specified

Dedicated Account?, Yes

Avg Weekly Miles, ""1,800""

No Touch Freight, Yes

Driver Load / Unload, No","Category, Details

Average Weekly Pay, ""$1,200 – $1,500""

CPM Range, ""Tiered Pay: $0.65 – $1.25 (Mileage based)""

Stop Pay, Not Specified

Short Haul Pay, $80 flat rate for 0–50 miles

Bonuses, PTO accrual begins day one

Training Pay, Orientation Pay ($200 if hired)

Accessorial Pay, Tiered rates (81–250 mi: $0.80 / 251+ mi: $0.65)

Holiday Pay, Average of prior 52 weeks","Category, Details

Equipment Type, Company Tractor

Transmission Type, Automatics & Manuals

Engine, Not Specified

Camera Orientation, No Cameras

Bunks, Yes","Category, Details

SAP Drivers, No

Teams Accepted, No

Owner Operators, No

Trainees, No","Category, Details

Experience Required, 3 Months

Endorsements, Not Specified

Residency, Must live within 50 miles of Secaucus; NJ

Shift / Schedule, High-service (98% on-time requirement)

Work Days, Varies based on freight mix

Hiring Area, ""CT, NJ, NY"""
,,,,,,,,,,
Pam,SHONERSKOWME,ME,4976,50,N/A,"Category, Details

Job Description, Service-critical dedicated account hauling for TJ Maxx; Walmart; and Sam’s Club based in Skowhegan.

Freight Type, Dry Van

Driver Type, Company Truck Solo

Home Time, Weekly (34-hour reset)

Home Time Duration, Not Specified

Dedicated Account?, Yes

Avg Weekly Miles, ""1,800""

No Touch Freight, Yes

Driver Load / Unload, No","Category, Details

Average Weekly Pay, ""$1,200 – $1,500""

CPM Range, ""Tiered Pay: $0.65 – $1.25 (Mileage based)""

Stop Pay, Not Specified

Short Haul Pay, $80 flat rate for 0–50 miles

Bonuses, PTO accrual begins day one

Training Pay, Orientation Pay ($200 if hired)

Accessorial Pay, Tiered rates (81–250 mi: $0.80 / 251+ mi: $0.65)

Holiday Pay, Average of prior 52 weeks","Category, Details

Equipment Type, Company Tractor

Transmission Type, Automatics & Manuals

Engine, Not Specified

Camera Orientation, No Cameras

Bunks, Yes","Category, Details

SAP Drivers, No

Teams Accepted, No

Owner Operators, No

Trainees, No","Category, Details

Experience Required, 3 Months

Endorsements, Not Specified

Residency, Must live within 50 miles of Skowhegan; ME

Shift / Schedule, High-service (98% on-time requirement)

Work Days, Varies based on freight mix

Hiring Area, Maine"
,,,,,,,,,,
Pam,SHONERTAYLPA,PA,18517,50,N/A,"Category, Details

Job Description, Service-critical dedicated account hauling for TJ Maxx; Walmart; and Sam’s Club based in Taylor; PA.

Freight Type, Dry Van

Driver Type, Company Truck Solo

Home Time, Weekly (34-hour reset)

Home Time Duration, Not Specified

Dedicated Account?, Yes

Avg Weekly Miles, ""1,800""

No Touch Freight, Yes

Driver Load / Unload, No","Category, Details

Average Weekly Pay, ""$1,200 – $1,500""

CPM Range, ""Tiered Pay: $0.65 – $1.25 (Mileage based)""

Stop Pay, Not Specified

Short Haul Pay, $80 flat rate for 0–50 miles

Bonuses, PTO accrual begins day one

Training Pay, Orientation Pay ($200 if hired)

Accessorial Pay, Tiered rates (81–250 mi: $0.80 / 251+ mi: $0.65)

Holiday Pay, Average of prior 52 weeks","Category, Details

Equipment Type, Company Tractor

Transmission Type, Automatics & Manuals

Engine, Not Specified

Camera Orientation, No Cameras

Bunks, Yes","Category, Details

SAP Drivers, No

Teams Accepted, No

Owner Operators, No

Trainees, No","Category, Details

Experience Required, 3 Months

Endorsements, Not Specified

Residency, Must live within 50 miles of Taylor; PA

Shift / Schedule, High-service (98% on-time requirement)

Work Days, Varies based on freight mix

Hiring Area, ""NJ, NY, PA"""
,,,,,,,,,,
Pam,SHONERWOBUMA,MA,1801,50,N/A,"Category, Details

Job Description, Service-critical account based in Woburn hauling for TJ Maxx; Walmart; and Sam’s Club.

Freight Type, Dry Van

Driver Type, Company Truck Solo

Home Time, Weekly (34-hour reset)

Home Time Duration, Not Specified

Dedicated Account?, Yes

Avg Weekly Miles, ""1,800""

No Touch Freight, Yes

Driver Load / Unload, No","Category, Details

Average Weekly Pay, ""$1,200 – $1,500""

CPM Range, ""Tiered Pay: $0.65 – $1.25 (Mileage based)""

Stop Pay, Not Specified

Short Haul Pay, $80 flat rate for 0–50 miles

Bonuses, PTO accrual begins day one

Training Pay, Orientation Pay ($200 if hired)

Accessorial Pay, Tiered rates (81–250 mi: $0.80 / 251+ mi: $0.65)

Holiday Pay, Average of prior 52 weeks","Category, Details

Equipment Type, Company Tractor

Transmission Type, Automatics & Manuals

Engine, Not Specified

Camera Orientation, No Cameras

Bunks, Yes","Category, Details

SAP Drivers, No

Teams Accepted, No

Owner Operators, No

Trainees, No","Category, Details

Experience Required, 3 Months

Endorsements, Not Specified

Residency, Must live within 50 miles of Woburn; MA

Shift / Schedule, High-service (98% on-time requirement)

Work Days, Varies based on freight mix

Hiring Area, ""MA, ME, NH, RI"""
,,,,,,,,,,
Pam,SHONERWORCMA,MA,1605,50,N/A,"Category, Details

Job Description, Service-critical account hauling for multiple major retailers including TJ Maxx; Walmart; and Sam’s Club based in Worcester.

Freight Type, Dry Van

Driver Type, Company Truck Solo

Home Time, Weekly (34-hour reset)

Home Time Duration, Not Specified

Dedicated Account?, Yes

Avg Weekly Miles, ""1,800""

No Touch Freight, Yes

Driver Load / Unload, No","Category, Details

Average Weekly Pay, ""$1,200 – $1,500""

CPM Range, ""Tiered Pay: $0.65 – $1.25 (Based on mileage)""

Stop Pay, Not Specified

Short Haul Pay, $80 flat rate for 0–50 miles

Bonuses, PTO accrual begins day one

Training Pay, Orientation Pay ($200 if hired)

Accessorial Pay, Tiered rates (81–250 mi: $0.80 / 251+ mi: $0.65)

Holiday Pay, Average of prior 52 weeks","Category, Details

Equipment Type, Company Tractor

Transmission Type, Automatics & Manuals

Engine, Not Specified

Camera Orientation, No Cameras

Bunks, Yes","Category, Details

SAP Drivers, No

Teams Accepted, No

Owner Operators, No

Trainees, No","Category, Details

Experience Required, 3 Months

Endorsements, Not Specified

Residency, Must live within 50 miles of Worcester; MA

Shift / Schedule, High-service (98% on-time requirement)

Work Days, Varies based on freight mix

Hiring Area, ""CT, MA, NH, RI, VT"""
,,,,,,,,,,
CR England,"Smithfield Regional, NC",NC,28392,50,N/A,"Category, Details

Job Description, Dedicated reefer account running the Eastern Mid-Atlantic region; primarily night-time driving.

Freight Type, Reefer (53 ft)

Driver Type, Company Driver (Solo)

Home Time, Weekly

Home Time Duration, 34-hour reset weekly (Potentially 2 days)

Dedicated Account?, Yes

Avg Weekly Miles, Not Specified

No Touch Freight, Yes

Driver Load / Unload, No","Category, Details

Average Weekly Pay, ""$1,177 – $1,596""

CPM Range, Experience-based (Flat $52.06 per load for trips under 190 miles)

Stop Pay, Most loads are one stop

Short Haul Pay, $52.06 per load (under 190 miles)

Bonuses, Unlimited Cash Referral Program; PTO & Bonus Incentives

Training Pay, 5-Day Mentor Pay: $175 per day

Accessorial Pay, Detention Pay: $21 per hour

Holiday Pay, Holidays are mandatory","Category, Details

Equipment Type, 53' Refrigerated Trailer (Assigned sleeper)

Transmission Type, Automatics

Engine, Not Specified

Camera Orientation, Front Facing; Event Only

Bunks, Yes","Category, Details

SAP Drivers, No

Teams Accepted, No

Owner Operators, No

Trainees, No","Category, Details

Experience Required, 3 Months

Endorsements, Not Specified

Residency, Must live within 50 miles of Tar Heel; NC

Shift / Schedule, Primarily night-time driving; mandatory holidays

Work Days, Varies (Avg 10 loads per week)

Hiring Area, ""NC, SC"""
,,,,,,,,,,
TA Dedicated,Norfolk Southern - Altoona/Max Meadows,PA,16601,75,N/A,"Category, Details

Job Description, Dedicated account hauling locomotive parts; combination of drop & hook and tailgating (moving freight to rear).

Freight Type, Dry Van (53’ Swing Door)

Driver Type, Company Driver (Solo)

Home Time, Weekly

Home Time Duration, Fri afternoon/evening through Sun evening (34-hour reset)

Dedicated Account?, Yes

Avg Weekly Miles, ""2,400""

No Touch Freight, No

Driver Load / Unload, Yes (Tailgating required: moving freight to tail for unloading)","Category, Details

Average Weekly Pay, ""$1,300 – $1,450 (Excludes tailgate pay)""

CPM Range, Not Specified (Activity based)

Stop Pay, $14 per stop (Starts at 1st stop)

Short Haul Pay, N/A

Bonuses, ""$500 New Hire Transition Bonus (2nd paycheck); $3,000 Referral Bonus""

Training Pay, Orientation Pay ($500 / $250 per day)

Accessorial Pay, ""$10 per tailgate; Delay Pay ($17/hr after 60 min); Breakdown ($17/hr)""

Holiday Pay, Holiday pay added to activity pay (Mandatory except Christmas)","Category, Details

Equipment Type, 2022 or newer Kenworth/Freightliner Tandem Sleepers

Transmission Type, Automatics (65 MPH)

Engine, Not Specified

Camera Orientation, ""Outward Facing, Event Only (Front/Driver/Event tagged in system)""

Bunks, Yes","Category, Details

SAP Drivers, No

Teams Accepted, No

Owner Operators, No

Trainees, No","Category, Details

Experience Required, 6 Months (Recent)

Endorsements, Hazmat Required

Residency, Within 75 miles of Altoona; PA

Shift / Schedule, Sunday night – Friday night

Work Days, Sun–Fri (Holidays mandatory)

Hiring Area, ""MD, PA, WV (Route: PA, OH, VA)"""
,,,,,,,,,,
CR England,Christopher Ranch Teams,CA,95020,50,N/A,"Category, Details

Job Description, Dedicated Team account running expedited refrigerated freight from Gilroy; CA to distribution centers in IL; MI; OH; NJ; MA; GA; and FL.

Freight Type, Reefer (53')

Driver Type, Company Team (Matched or True Teams)

Home Time, Weekly / Bi-Weekly

Home Time Duration, 34-hour reset (Home weekly if time management permits; otherwise every 2-3 weeks)

Dedicated Account?, Yes

Avg Weekly Miles, ""4,900""

No Touch Freight, Yes

Driver Load / Unload, No (Live load/unload)","Category, Details

Average Weekly Pay, ""$1,877 – $2,259 (Per Driver)""

CPM Range, $0.26 – $0.37 (Experience-based per driver)

Stop Pay, Not Specified

Short Haul Pay, N/A

Bonuses, Unlimited Cash Referral Program; PTO & Bonus Incentives

Training Pay, Paid minimum wage for actual orientation hours

Accessorial Pay, N/A

Holiday Pay, Not Specified","Category, Details

Equipment Type, Tandem-Axle Sleepers

Transmission Type, Automatics

Engine, Not Specified

Camera Orientation, Front Facing; Event Only

Bunks, Yes (Team Sleeper)","Category, Details

SAP Drivers, No

Teams Accepted, Yes (Required)

Owner Operators, No

Trainees, No","Category, Details

Experience Required, 3 Months

Endorsements, Not Specified

Residency, Within 50 miles of Colton; CA or Gilroy; CA area

Shift / Schedule, Expedited Team freight; round trip routes

Work Days, Varies (Weekly load outs)

Hiring Area, California"
,,,,,,,,,,
CR England,Autoliv Teams,UT,84404,150,N/A,"Category, Details

Job Description, Dedicated team account hauling preloaded dry vans from Ogden; UT to IN; TN; and TX with return loads.

Freight Type, Dry Van (Drop & Hook)

Driver Type, Company Team (Will match solo drivers)

Home Time, Weekly

Home Time Duration, 34-hour reset (Typically resets Sunday night)

Dedicated Account?, Yes

Avg Weekly Miles, ""6,000"" (Team miles)

No Touch Freight, Yes

Driver Load / Unload, No","Category, Details

Average Weekly Pay, ""$2,150 – $2,562 (Per Driver)""

CPM Range, $0.28 – $0.395 (Experience-based per driver)

Stop Pay, N/A (Drop & Hook)

Short Haul Pay, N/A

Bonuses, Unlimited Cash Referral Program; PTO & Bonus Incentives

Training Pay, Paid minimum wage for actual orientation hours

Accessorial Pay, N/A (Ready loads; no wait time)

Holiday Pay, Not Specified","Category, Details

Equipment Type, Tandem-Axle Sleepers (Cannot be taken home)

Transmission Type, Automatics

Engine, Not Specified

Camera Orientation, Front Facing; Event Only

Bunks, Yes (Team Sleeper)","Category, Details

SAP Drivers, No

Teams Accepted, Yes (Required)

Owner Operators, No

Trainees, No","Category, Details

Experience Required, 3 Months

Endorsements, Not Specified

Residency, Drivers MUST live within 50 miles of each other

Shift / Schedule, Consistent weekly schedule; typically starts Tuesday

Work Days, Varies (Reset Sunday night common)

Hiring Area, ""UT, ID, IN, MS, TX"""
,,,,,,,,,,
Swift,"Intermodal - Hutchins, TX Regional",TX,75172,50,N/A,"Category, Details

Job Description, Regional intermodal dedicated account running high-mileage lanes from Wilmer to Paris; Abilene; and Georgetown.

Freight Type, Container (Intermodal)

Driver Type, Company Driver (Solo)

Home Time, Weekly

Home Time Duration, 34-hour reset (Requires sleeping in truck as needed to maximize clock)

Dedicated Account?, Yes (DED-INT)

Avg Weekly Miles, ""2,100""

No Touch Freight, Yes

Driver Load / Unload, No (Mix of Live load/unload; Preload; Drop & Hook)","Category, Details

Average Weekly Pay, ""$1,300""

CPM Range, Not Specified (Mileage-based)

Stop Pay, No Stop Pay

Short Haul Pay, N/A

Bonuses, Driver Ranking Bonus (Safety/Performance/Tenure); Military/Debt-Free Tuition programs

Training Pay, Orientation Pay: $300 (If hired)

Accessorial Pay, Consistent weekly paycheck; Benefits after 30 days

Holiday Pay, As needed","Category, Details

Equipment Type, Intermodal Tractors

Transmission Type, Automatics & Manuals

Engine, Not Specified

Camera Orientation, ""Front Facing, Event Only""

Bunks, Yes","Category, Details

SAP Drivers, No

Teams Accepted, No

Owner Operators, No

Trainees, No","Category, Details

Experience Required, 3 Months (Min) / 6 Months (Needs Sheet)

Endorsements, None required

Residency, Within 50 miles of Wilmer; TX (75172)

Shift / Schedule, Rotation; Weekend and Holiday work required

Work Days, Full clock (Run until hours are managed)

Hiring Area, Wilmer; TX"
,,,,,,,,,,
US Xpress,I-35 Fleet,TX,75241,50,N/A,"Category, Details

Job Description, Regional OTR fleet running primarily along the I-35 corridor through TX; OK; and KS.

Freight Type, Dry Van / Reefer

Driver Type, Company Driver (Solo)

Home Time, Bi-Weekly

Home Time Duration, 2 weeks out / 2 days home

Dedicated Account?, Yes (I-35 Fleet)

Avg Weekly Miles, ""1,800 – 2,000""

No Touch Freight, Yes

Driver Load / Unload, No (50–60% Drop & Hook; 40–50% Live Unload)","Category, Details

Average Weekly Pay, ""$1,000 – $1,300 Gross""

CPM Range, Not Specified (Experience-based)

Stop Pay, Not Specified

Short Haul Pay, N/A (Avg haul 300 miles)

Bonuses, Performance Bonus: Up to 3 CPM (Safety/Mileage/Productivity)

Training Pay, Paid Orientation (3 Days)

Accessorial Pay, ""Detention ($12.50/hr after 2 hrs); Layover/Breakdown ($100/day)""

Holiday Pay, Not Specified","Category, Details

Equipment Type, 2021+ Freightliner Cascadia or Kenworth

Transmission Type, Automatics

Engine, Not Specified

Camera Orientation, ""Front Facing, Event Only""

Bunks, Yes","Category, Details

SAP Drivers, No

Teams Accepted, No

Owner Operators, No

Trainees, No","Category, Details

Experience Required, 3 Months

Endorsements, Not Specified

Residency, Dallas domicile preferred

Shift / Schedule, Regional OTR; steady weekly miles

Work Days, Varies (2 weeks out)

Hiring Area, ""TX, OK"""
,,,,,,,,,,
US Xpress,I-40 Tour Fleet,TX,75241,50,N/A,"Category, Details

Job Description, Regional OTR fleet running primarily along the I-40 corridor and Southern states; avoids Northeast traffic.

Freight Type, Dry Van / Reefer

Driver Type, Company Driver (Solo)

Home Time, Bi-Weekly

Home Time Duration, 2 weeks out / 2 days home

Dedicated Account?, Yes (I-40 Tour)

Avg Weekly Miles, ""1,800""

No Touch Freight, Yes

Driver Load / Unload, No (50–60% Drop & Hook; 40–50% Live Unload)","Category, Details

Average Weekly Pay, ""$1,000 – $1,200 Gross""

CPM Range, Not Specified (Experience-based)

Stop Pay, Not Specified

Short Haul Pay, N/A (Avg haul 300 miles)

Bonuses, Performance Bonus: Up to 3 CPM (Safety/Mileage/Productivity)

Training Pay, Paid Orientation (3 Days)

Accessorial Pay, ""Detention ($12.50/hr after 2 hrs); Layover/Breakdown ($100/day)""

Holiday Pay, Not Specified","Category, Details

Equipment Type, 2021+ Freightliner Cascadia or Kenworth

Transmission Type, Automatics

Engine, Not Specified

Camera Orientation, ""Front Facing, Event Only""

Bunks, Yes","Category, Details

SAP Drivers, No

Teams Accepted, No

Owner Operators, No

Trainees, No","Category, Details

Experience Required, 3 Months

Endorsements, Not Specified

Residency, Dallas domicile preferred

Shift / Schedule, OTR along South/Southwest lanes

Work Days, Varies (2 weeks out)

Hiring Area, ""TX, OK"""
,,,,,,,,,,
TA Dedicated,"Watts - Franklin, NH Solo",NH,3235,100,N/A,"Category, Details

Job Description, Dedicated account with no set lanes; primarily Franklin; NH to Groveport; OH or AL/TN runs with broker backhauls.

Freight Type, Dry Van (53')

Driver Type, Company Driver (Solo)

Home Time, Weekly

Home Time Duration, 34-hour reset (Out 3-5 days for OH runs; 6-7 days for AL/TN runs)

Dedicated Account?, Yes

Avg Weekly Miles, ""1,700 – 2,800""

No Touch Freight, Yes (99%)

Driver Load / Unload, No (Drop & Hook and Live Unload)","Category, Details

Average Weekly Pay, ""$1,325 Gross""

CPM Range, $0.55 per mile

Stop Pay, $20.50 per stop

Short Haul Pay, N/A

Bonuses, ""$500 New Hire Transition Bonus (2nd paycheck); $3,000 Referral Bonus""

Training Pay, Orientation Pay: $500 ($250/day)

Accessorial Pay, ""Delay Pay ($17/hr after 1.5 hrs); Hourly Pay ($18/hr)""

Holiday Pay, Not Specified","Category, Details

Equipment Type, 2022-23 Kenworth T680 / Freightliner Cascadia

Transmission Type, Automatics (65 MPH)

Engine, Not Specified

Camera Orientation, ""Front Facing, Driver Facing, Event Only""

Bunks, Yes","Category, Details

SAP Drivers, No

Teams Accepted, No

Owner Operators, No

Trainees, No","Category, Details

Experience Required, 6 Months (Recent)

Endorsements, Not Specified

Residency, Within 100 miles of Franklin; NH (Must park at Watts DC)

Shift / Schedule, Variable departures; 3-24 hour advance notice for loads

Work Days, Varies (Rotation for AL/TN Friday departures)

Hiring Area, ""CT, MA, ME, NH, NY, RI, VT"""
,,,,,,,,,,
TA Dedicated,"Watts - Sparks, NV Solo",NV,89431,70,N/A,"Category, Details

Job Description, Dedicated account with variable runs including Sparks to Groveport; OH (via Woodland; CA or AZ) with broker backhauls.

Freight Type, Dry Van (53')

Driver Type, Company Driver (Solo)

Home Time, Weekly / Bi-Weekly

Home Time Duration, 4–10 days out / 34-hour reset (Mandatory 34-hour reset in OH before return)

Dedicated Account?, Yes

Avg Weekly Miles, ""2,397 – 2,894""

No Touch Freight, Yes (99%)

Driver Load / Unload, No (Drop & Hook and Live Unload)","Category, Details

Average Weekly Pay, ""$1,325 Gross""

CPM Range, $0.55 per mile

Stop Pay, $20.50 per stop

Short Haul Pay, N/A

Bonuses, ""$500 New Hire Transition Bonus (2nd paycheck); $3,000 Referral Bonus""

Training Pay, Orientation Pay: $500 ($250/day)

Accessorial Pay, ""Delay Pay ($17/hr after 1.5 hrs); Hourly Pay ($18/hr)""

Holiday Pay, Not Specified","Category, Details

Equipment Type, 2022-23 Kenworth T680 / Freightliner Cascadia

Transmission Type, Automatics (65 MPH)

Engine, Not Specified

Camera Orientation, ""Front Facing, Driver Facing, Event Only""

Bunks, Yes","Category, Details

SAP Drivers, No

Teams Accepted, No

Owner Operators, No

Trainees, No","Category, Details

Experience Required, 6 Months (Recent)

Endorsements, Not Specified

Residency, Within 70 miles of Sparks; NV (Must park at Sparks DC)

Shift / Schedule, Variable departures; 8–24 hour advance notice for loads

Work Days, Varies (4–5.5 day runs typical)

Hiring Area, ""CA, NV"""
,,,,,,,,,,
TA Dedicated,3M Team - IL,IL,60115,60,N/A,"Category, Details

Job Description, Dedicated team account hauling 3M outbound freight from DeKalb; IL and Forest City; IA to TX; PA; and NJ.

Freight Type, Dry Van / Heater Trailers (99% No-Touch)

Driver Type, Company Team (Solo and True Teams)

Home Time, Bi-Weekly / Tri-Weekly

Home Time Duration, 2 weeks out / 2–3 days home (TX drivers: 3 weeks out)

Dedicated Account?, Yes

Avg Weekly Miles, ""6,000"" (Team miles)

No Touch Freight, Yes

Driver Load / Unload, No (Drop & Hook)","Category, Details

Average Weekly Pay, ""$2,280 per driver ($1,600 Weekly Minimum)""

CPM Range, $0.35 – $0.41 (Based on Hazmat and tenure)

Stop Pay, Not Specified

Short Haul Pay, N/A

Bonuses, ""$500 Transition Bonus; $3,000 Referral Bonus""

Training Pay, Orientation Pay: $500 ($250/day)

Accessorial Pay, Hourly: $20/hr

Holiday Pay, Not Specified","Category, Details

Equipment Type, Late-model tractors with Heater/Dry Van trailers

Transmission Type, Automatics (65 MPH)

Engine, Not Specified

Camera Orientation, ""Front Facing, Driver Facing, Event Only""

Bunks, Yes (Team Sleeper)","Category, Details

SAP Drivers, No

Teams Accepted, Yes (Required)

Owner Operators, No

Trainees, No","Category, Details

Experience Required, 6 Months (3 months verifiable Team exp in last 3 years)

Endorsements, Hazmat Required (within 120 days; reimbursed)

Residency, Within 60 miles of DeKalb; IL

Shift / Schedule, Picks up Mon–Fri; Day and Night driving required

Work Days, Varies (Minimum 2 weeks out)

Hiring Area, ""IL, IA, TX, PA, NJ"""
,,,,,,,,,,
US Xpress,"FD Maquoketa, IA",IA,52060,50,N/A,"Category, Details

Job Description, Dedicated Family Dollar account delivering to retail stores; involves night driving and early morning deliveries.

Freight Type, Dry Van (100% Live Unload)

Driver Type, Company Driver (Solo)

Home Time, Weekly

Home Time Duration, 34-hour reset (Not guaranteed on weekends)

Dedicated Account?, Yes (Family Dollar)

Avg Weekly Miles, ""~1,550""

No Touch Freight, No

Driver Load / Unload, Yes (100% box-by-box unload using rollers)","Category, Details

Average Weekly Pay, ""$1,720 (Based on 2 loads/week)""

CPM Range, $0.71 per mile

Stop Pay, $20 per stop (3–5 stops per route)

Short Haul Pay, N/A

Bonuses, $50 per backhaul; Performance Bonus up to 3 CPM

Training Pay, Ride-along training: $150 per day (min 1 week)

Accessorial Pay, ""$275 per unload (2 unloads per week avg)""

Holiday Pay, Holidays may be required","Category, Details

Equipment Type, Internationals; Freightliners; or Kenworths

Transmission Type, Automatics

Engine, Not Specified

Camera Orientation, ""Front Facing, Event Only""

Bunks, Yes","Category, Details

SAP Drivers, No

Teams Accepted, No

Owner Operators, No

Trainees, No","Category, Details

Experience Required, 3 Months (Cannot hire from Knight within 6 months)

Endorsements, Not Specified

Residency, Must have secure parking (Gated/Personal property) for truck & trailer

Shift / Schedule, Early morning deliveries; Night driving required

Work Days, Varies (Nights and weekends required)

Hiring Area, ""IA, IL, KS, MO, OK, AR"""
,,,,,,,,,,
Hogan,Dollar Tree - Cleveland,OH,43334,75,N/A,"Category, Details

Job Description, Dedicated Dollar Tree account delivering to OH; MI; IN; KY; PA; WV; MD; NY; and VT.

Freight Type, Dry Van (53')

Driver Type, Company Driver (Solo)

Home Time, Weekly

Home Time Duration, 34–48 hour reset (Weekends off not guaranteed)

Dedicated Account?, Yes (Dollar Tree)

Avg Weekly Miles, Not Specified

No Touch Freight, No

Driver Load / Unload, Yes (Each piece hand-unloaded onto roller racks)","Category, Details

Average Weekly Pay, ""$1,980 – $2,040 ($103k–$106k W-2)""

CPM Range, $1.39 – $1.43 (Based on experience)

Stop Pay, $10 per stop (Safe Stop Program pays quarterly)

Short Haul Pay, N/A

Bonuses, Referral Program; Holiday Pay ($80 after 90 days)

Training Pay, $240 – $280 per day (2-week program)

Accessorial Pay, $1,400 Weekly Guarantee for first 60 days

Holiday Pay, $80.00 (After first 90 days)","Category, Details

Equipment Type, Freightliners and Internationals (TAS/TADC)

Transmission Type, Both (Manual and Automatic)

Engine, Not Specified

Camera Orientation, ""Front, Driver Facing, Event Only""

Bunks, Yes (TAS Sleeper)","Category, Details

SAP Drivers, No

Teams Accepted, No

Owner Operators, No

Trainees, No","Category, Details

Experience Required, 6 Months

Endorsements, Not Specified

Residency, Within 75 miles of Damascus; OH

Shift / Schedule, 3–4 loads per week; routes start Sun/Mon

Work Days, Varies (7-day operations)

Hiring Area, ""OH, MI, IN, KY, PA, WV, MD, NY, VT"""
,,,,,,,,,,
US Xpress,Staples Terre Haute IN,IN,47802,80,N/A,"Category, Details

Job Description, Dedicated Staples fleet hauling primarily paper products originating and ending in Terre Haute.

Freight Type, Dry Van (No-Touch)

Driver Type, Company Driver (Solo)

Home Time, Weekly

Home Time Duration, Out 1 week; home 2 days

Dedicated Account?, Yes (Staples)

Avg Weekly Miles, ""2,000 – 2,500""

No Touch Freight, Yes

Driver Load / Unload, No (Avg 30-min unload time)","Category, Details

Average Weekly Pay, ""$1,450 ($75k–$80k Annual)""

CPM Range, $0.54 – $0.60 (Experience-based)

Stop Pay, $10 for all stops (2–3 stops per load)

Short Haul Pay, N/A

Bonuses, $1,500 Sign-On Bonus (Payout: $250 / $500 / $250 / $500)

Training Pay, Paid Orientation (3 Days)

Accessorial Pay, ""Layover ($100 after 24 hrs); Detention ($15/hr after 2 hrs)""

Holiday Pay, Not Specified","Category, Details

Equipment Type, Late-model tractors with Dry Van trailers

Transmission Type, Automatics

Engine, Not Specified

Camera Orientation, ""Front Facing, Event Only""

Bunks, Yes","Category, Details

SAP Drivers, No

Teams Accepted, No

Owner Operators, No

Trainees, No","Category, Details

Experience Required, 3 Months

Endorsements, Not Specified

Residency, Within 80 miles of Terre Haute; IN

Shift / Schedule, Availability for days; nights; and weekends required

Work Days, Varies (Avg 2–3 loads per week)

Hiring Area, ""Midwest, TX, FL, GA, TN, CO"""
,,,,,,,,,,
US Xpress,Walmart Gordonsville Regional,VA,22942,50,N/A,"Category, Details

Job Description, Dedicated regional grocery account delivering a mixture of dry and refrigerated freight to Walmart stores.

Freight Type, Dry Van / Reefer (No-Touch)

Driver Type, Company Driver (Solo)

Home Time, Weekly

Home Time Duration, 48-hour reset (Same two days off every week)

Dedicated Account?, Yes (Walmart)

Avg Weekly Miles, ""1,600 – 1,700""

No Touch Freight, Yes

Driver Load / Unload, No (Live Unload)","Category, Details

Average Weekly Pay, ""$1,300 – $1,500 Gross""

CPM Range, $0.56 – $0.63 (Experience-based)

Stop Pay, $20 per stop

Short Haul Pay, Minimum Mileage Band Pay ($40–$90 for routes under 225 miles)

Bonuses, $2,500 Sign-On Bonus (Paid over 180 days); Performance Bonus available

Training Pay, $125 for on-site training + $50 per ride-along (3–4 total)

Accessorial Pay, Whichever is greater: Mileage or Band Pay

Holiday Pay, Based on schedule","Category, Details

Equipment Type, Late-model tractors

Transmission Type, Automatics

Engine, Not Specified

Camera Orientation, ""Front Facing, Event Only""

Bunks, Yes","Category, Details

SAP Drivers, No

Teams Accepted, No

Owner Operators, No

Trainees, No","Category, Details

Experience Required, 3 Months

Endorsements, Not Specified

Residency, Must have personal transportation to Gordonsville DC

Shift / Schedule, Start times 14:00 – 00:00; Weekends and holidays required

Work Days, 5 days on / 2 days off

Hiring Area, ""VA, NC, MD, DE, WV"""
,,,,,,,,,,
JB Hunt,UNFI - Manchester PA,Tier 1,PA,17406,50,N/A,"Category, Details

Job Description, Regional dedicated account hauling frozen food DC-to-DC with assigned weekly lanes after training.

Freight Type, Reefer (Frozen Food)

Driver Type, Company Driver (Solo)

Home Time, Weekly

Home Time Duration, Off 1.5 – 2 days per week (Sat–Wed or Sun–Thurs schedule)

Dedicated Account?, Yes (UNFI)

Avg Weekly Miles, ""2,194""

No Touch Freight, Yes

Driver Load / Unload, No (Live load/unload)","Category, Details

Average Weekly Pay, ""$1,673 ($87,000 Annual avg)""

CPM Range, $0.65 – $0.69 CPM

Stop Pay, Not Specified (Avg 1 stop per load)

Short Haul Pay, N/A

Bonuses, Paid Holidays (6 days at $140/day); Referral Program

Training Pay, Trainee pay: $200/day; Safety training: $20/hr

Accessorial Pay, ""Detention ($15/hr after 2 hrs); Misc work ($15/hr)""

Holiday Pay, $140.00 (Thanksgiving; Christmas; New Years Off)","Category, Details

Equipment Type, Conventional Sleeper (Cannot be taken home)

Transmission Type, Automatics & Manuals

Engine, Not Specified

Camera Orientation, ""Front Facing, Event Only""

Bunks, Yes","Category, Details

SAP Drivers, Yes (Must be 1 year old)

Teams Accepted, No

Owner Operators, No

Trainees, No"
,,,,,,,,,,
JB Hunt,Nestle Waters - York PA,Tier 1,PA,17406,50,N/A,"Category, Details

Job Description, Regional dedicated account hauling Starbucks K-Cups; involves pickup from Customer DCs and delivery to processing facilities.

Freight Type, Dry Van (53’ Box)

Driver Type, Company Driver (Solo)

Home Time, Weekly

Home Time Duration, Tues–Sat schedule; 2-3 overnights per week

Dedicated Account?, Yes (Nestle Foods)

Avg Weekly Miles, ""2,100""

No Touch Freight, Yes

Driver Load / Unload, No (80% Drop & Hook / 20% Live Unload)","Category, Details

Average Weekly Pay, ""$1,730 ($90,000 Annual avg)""

CPM Range, $0.78 – $0.80 CPM

Stop Pay, $20 per stop (6–8 stops/week avg)

Short Haul Pay, N/A

Bonuses, Activity-based safety bonus; Paid Orientation ($125)

Training Pay, Trainee pay: $200/day; Safety classroom: $20

Accessorial Pay, ""Drop/Hook ($15); Detention ($15/hr after 2 hrs)""

Holiday Pay, $200.00 (Working holidays required if scheduled)","Category, Details

Equipment Type, Sleeper Conventional (Automatic)

Transmission Type, Automatics & Manuals

Engine, Not Specified

Camera Orientation, ""Front Facing, Event Only""

Bunks, Yes","Category, Details

SAP Drivers, Yes (Must be 1 year old)

Teams Accepted, No

Owner Operators, No

Trainees, No"
,,,,,,,,,,
JB Hunt,"Rynone - Sayre, PA",Tier 1,PA,18840,50,N/A,"Category, Details

Job Description, Regional position hauling marble; Corian; or granite vanities and countertops to customers in the NE region.

Freight Type, Dry Van (48' or 53')

Driver Type, Company Driver (Solo)

Home Time, Weekly

Home Time Duration, Mon–Fri schedule; Out overnight 3–4 nights per week.

Dedicated Account?, Yes (Rynone)

Avg Weekly Miles, ""1,800""

No Touch Freight, No

Driver Load / Unload, Yes (Tailgate by hand; very labor intensive)","Category, Details

Average Weekly Pay, ""$1,394 – $1,634 ($72,500 – $85,000 Annual)""

CPM Range, $0.52 per mile

Stop Pay, Not Specified (Avg 16 stops/week)

Short Haul Pay, N/A

Bonuses, $200 per route for NYC deliveries (Boroughs); Paid Holidays (6)

Training Pay, Paid online orientation ($125)

Accessorial Pay, Hand move items 35–75 lbs; use of hand trucks for larger items.

Holiday Pay, Thanksgiving; Christmas; New Years Off","Category, Details

Equipment Type, Sleeper Conventional (Automatic)

Transmission Type, Automatics & Manuals

Engine, Not Specified

Camera Orientation, ""Front Facing, Event Only""

Bunks, Yes","Category, Details

SAP Drivers, Yes (Must be 1 year old)

Teams Accepted, No

Owner Operators, No

Trainees, No"
,,,,,,,,,,
JB Hunt,Home Depot RDC - OH Fleet,OH,45889,50,N/A,"Category, Details

Job Description, Regional dedicated account delivering Home Depot products from RDC to stores; includes vendor pickups and backhauls.

Freight Type, Dry Van (Box Trailer 53')

Driver Type, Company Driver (Solo)

Home Time, Weekly

Home Time Duration, 1.5 - 2 days off per week; includes rotating weekends (1 in 3).

Dedicated Account?, Yes (Home Depot RDC)

Avg Weekly Miles, ""1,921""

No Touch Freight, Yes

Driver Load / Unload, No (Receiver unload or drop)","Category, Details

Average Weekly Pay, ""$1,634 ($85,000 Annual avg)""

CPM Range, $0.70 – $0.74 CPM

Stop Pay, Not Specified (Avg 10 stops/week)

Short Haul Pay, N/A

Bonuses, Paid Holidays (6); Paid online orientation ($125)

Training Pay, Trainee pay (if applicable): $200/day

Accessorial Pay, Flexibility required to work other DCS or Intermodal accounts if volume is low.

Holiday Pay, $140.00","Category, Details

Equipment Type, Sleeper Conventional

Transmission Type, Automatics & Manuals

Engine, Not Specified

Camera Orientation, ""Front Facing, Event Only""

Bunks, Yes","Category, Details

SAP Drivers, Yes (Must be 1 year old)

Teams Accepted, No

Owner Operators, No

Trainees, No","Category, Details

Experience Required, 3 Months

Endorsements, Hazmat Required (within 90 days of hire)

Residency, Within 50 miles of Van Buren; OH area

Shift / Schedule, 0200–0600 start times (remains consistent after hire)

Work Days, Mon–Fri with rotating Sat/Sun required

Hiring Area, ""IN, MI, OH (Operating: OH; IL; TN; MO; NY; PA; VA; WV; IN; MI; KY)"""
,,,,,,,,,,
JB Hunt,Leslies Pool Supply - Hebron KY,Tier 1,KY,41048,50,N/A,"Category, Details

Job Description, Regional dedicated account hauling pool supplies from Hebron DC to Leslie's stores.

Freight Type, Box Trailer 53'

Driver Type, Company Driver (Solo)

Home Time, Weekly

Home Time Duration, Weekly 34-hour reset (at times 48-hour); out two days at a time.

Dedicated Account?, Yes (Leslie's Pool)

Avg Weekly Miles, ""2,350""

No Touch Freight, No

Driver Load / Unload, Yes (100% driver unload using electric pallet jack and liftgate)","Category, Details

Average Weekly Pay, ""$1,826 – $2,019 ($95k–$105k Annual)""

CPM Range, $0.60 CPM

Stop Pay, Not Specified (Avg 12 stops/week)

Short Haul Pay, N/A

Bonuses, Paid Holidays (6); Paid online orientation ($125)

Training Pay, Trainee pay (if applicable): $200/day

Accessorial Pay, Seasonal account; winter work includes other DCS; intermodal; or brokered loads.

Holiday Pay, $140.00","Category, Details

Equipment Type, Sleeper Conventional

Transmission Type, Automatics & Manuals

Engine, Not Specified

Camera Orientation, ""Front Facing, Event Only""

Bunks, Yes","Category, Details

SAP Drivers, Yes (Must be 1 year old)

Teams Accepted, No

Owner Operators, No

Trainees, No"
,,,,,,,,,,
US Xpress,Ollie’s Dedicated Tour Fleet,IL,61356,50,N/A,"Category, Details

Job Description, Regional dedicated freight balancing steady miles with weekly home time; based out of Princeton; IL DC.

Freight Type, Dry Van (100% No-Touch; Pre-loaded; Live Unload)

Driver Type, Company Driver (Solo)

Home Time, Weekly

Home Time Duration, 34-hour reset weekly

Dedicated Account?, Yes (Ollie’s)

Avg Weekly Miles, ""~1,750""

No Touch Freight, Yes

Driver Load / Unload, No","Category, Details

Average Weekly Pay, ""$1,346 ($1,350 Weekly Minimum)""

CPM Range, Not Specified (Mileage or Min Pay applies)

Stop Pay, Not Specified (1–3 stops per trailer)

Short Haul Pay, N/A (Avg 3–5 loads per week)

Bonuses, ""$2,000 Sign-On Bonus; Performance Bonus up to 3 CPM (Safety/Productivity)""

Training Pay, Paid Orientation (3 Days)

Accessorial Pay, ""Detention ($12.50/hr after 2 hrs); Layover/Breakdown ($100/day)""

Holiday Pay, Not Specified","Category, Details

Equipment Type, 2021 or newer Freightliner Cascadia or Kenworth

Transmission Type, Automatics

Engine, Not Specified

Camera Orientation, ""Front Facing, Event Only""

Bunks, Yes","Category, Details

SAP Drivers, No

Teams Accepted, No

Owner Operators, No

Trainees, No","Category, Details

Experience Required, 3 Months

Endorsements, Not Specified

Residency, Within 50 miles of Princeton; IL area

Shift / Schedule, 5.5 days availability required for minimum pay guarantee

Work Days, Varies (Home for 34-hour reset)

Hiring Area, ""IA, IL, IN, KY, MI, OH, WI, WV (Operating: IA; IL; IN; KY; MI; MO; NE; OH; WI)"""
,,,,,,,,,,
US Xpress,TSC Pendleton OTR Tour Fleet – Springfield,OH,45502,50,N/A,"Category, Details

Job Description, Regional-style OTR operation delivering TSC store freight originating from Navarre; OH or Pendleton; IN DCs.

Freight Type, Dry Van (100% No-Touch)

Driver Type, Company Driver (Solo)

Home Time, Weekly

Home Time Duration, 34-hour reset (Not guaranteed on weekends)

Dedicated Account?, Yes (TSC Pendleton)

Avg Weekly Miles, ""2,300+""

No Touch Freight, Yes

Driver Load / Unload, No (Hook at DC; deliver to stores)","Category, Details

Average Weekly Pay, ""$1,500 Gross ($78k Annual)""

CPM Range, Not Specified (Experience-based)

Stop Pay, Not Specified

Short Haul Pay, N/A (Avg haul 300 miles)

Bonuses, ""$2,500 Sign-On Bonus (Paid over 90 days); Performance Bonus up to 3 CPM""

Training Pay, Paid Orientation (3 Days)

Accessorial Pay, ""Detention ($12.50/hr after 2 hrs); Layover/Breakdown ($100/day)""

Holiday Pay, Not Specified","Category, Details

Equipment Type, 2021 or newer Freightliner Cascadia or Kenworth

Transmission Type, Automatics

Engine, Not Specified

Camera Orientation, ""Front Facing, Event Only""

Bunks, Yes","Category, Details

SAP Drivers, No

Teams Accepted, No

Owner Operators, No

Trainees, No","Category, Details

Experience Required, 3 Months

Endorsements, Not Specified

Residency, Within 50 miles of Springfield; OH area (DED Domicile)

Shift / Schedule, Fleet runs weekends; regionalized area (OH; MI; PA; NY; VA; WV; KY; NC; IL; IN; WI)

Work Days, Varies (Home weekly for reset)

Hiring Area, ""IL, IN, KY, MI, OH, WI"""
,,,,,,,,,,
US Xpress,TSC Navarre OTR Tour Fleet – Springfield,OH,45502,50,N/A,"Category, Details

Job Description, Dedicated regional-style OTR operation delivering TSC store freight originating from Navarre; OH or Pendleton; IN DCs.

Freight Type, Dry Van (100% No-Touch)

Driver Type, Company Driver (Solo)

Home Time, Weekly

Home Time Duration, 34-hour reset (Not guaranteed on weekends)

Dedicated Account?, Yes (TSC Navarre)

Avg Weekly Miles, ""2,300+""

No Touch Freight, Yes

Driver Load / Unload, No (Hook at DC; deliver to stores)","Category, Details

Average Weekly Pay, ""$1,500 Gross ($78k Annual)""

CPM Range, Not Specified (Experience-based)

Stop Pay, Not Specified

Short Haul Pay, N/A (Avg haul 300 miles)

Bonuses, ""$2,500 Sign-On Bonus (Paid over 90 days); Performance Bonus available""

Training Pay, Paid Orientation (3 Days)

Accessorial Pay, ""Detention ($12.50/hr after 2 hrs); Layover/Breakdown ($100/day)""

Holiday Pay, Not Specified","Category, Details

Equipment Type, 2021 or newer Freightliner Cascadia or Kenworth

Transmission Type, Automatics

Engine, Not Specified

Camera Orientation, ""Front Facing, Event Only""

Bunks, Yes","Category, Details

SAP Drivers, No

Teams Accepted, No

Owner Operators, No

Trainees, No","Category, Details

Experience Required, 3 Months

Endorsements, Not Specified

Residency, Within 50 miles of Springfield; OH area (DED Domicile)

Shift / Schedule, Fleet runs weekends; operating in OH; MI; PA; NY; VA; WV; KY; NC; IL; IN; WI

Work Days, Varies (Home weekly for reset)

Hiring Area, ""KY, MI, OH, PA, WV"""
,,,,,,,,,,
Sisbro Inc,Sisbro Yellow,IL,62301,30,N/A,"Category, Details

Job Description, Midwest regional running dry van and reefer.

Freight Type, Dry Van & Reefer

Driver Type, Company Driver (Solo)

Home Time, Weekends

Home Time Duration, 48-hour reset + 1 night during week

Dedicated Account?, No

Avg Weekly Miles, ""2,200 - 2,400""

No Touch Freight, Yes (99%)

Driver Load / Unload, No (65% Drop & Hook)","Category, Details

Average Weekly Pay, ""$1,400 - $1,500""

CPM Range, .55 cpm (miles >2k pay .85 cpm)

Stop Pay, Not Specified

Short Haul Pay, N/A

Bonuses, $2,000 Sign On Bonus

Training Pay, Paid Orientation: $300

Accessorial Pay, N/A

Holiday Pay, Not Specified","Category, Details

Equipment Type, Sleeper Conventional

Transmission Type, Automatics and Manuals

Engine, Not Specified

Camera Orientation, Not Specified

Bunks, Yes","Category, Details

SAP Drivers, No

Teams Accepted, No

Owner Operators, No

Trainees, No","Category, Details

Experience Required, 6 Months

Endorsements, 10% Hazmat loads

Residency, ""IL, IN, KS, MO""

Shift / Schedule, 5 days out

Work Days, Mon-Fri

Hiring Area, Midwest"
Sisbro Inc,Sisbro Green,IL,62301,30,N/A,"Category, Details

Job Description, Midwest regional with weekly or bi-weekly home time options.

Freight Type, Dry Van & Reefer

Driver Type, Company Driver (Solo)

Home Time, Weekly or EOW

Home Time Duration, 48-hour reset

Dedicated Account?, No

Avg Weekly Miles, ""2,200 - 2,800""

No Touch Freight, Yes (99%)

Driver Load / Unload, No (65% Drop & Hook)","Category, Details

Average Weekly Pay, ""$1,200 - $1,800""

CPM Range, .55 - .60 cpm (High miles pay .85-.90)

Stop Pay, Not Specified

Short Haul Pay, N/A

Bonuses, $2,000 Sign On Bonus

Training Pay, Paid Orientation: $300

Accessorial Pay, N/A

Holiday Pay, Not Specified","Category, Details

Equipment Type, Sleeper Conventional

Transmission Type, Automatics and Manuals

Engine, Not Specified

Camera Orientation, Not Specified

Bunks, Yes","Category, Details

SAP Drivers, No

Teams Accepted, No

Owner Operators, No

Trainees, No","Category, Details

Experience Required, 6 Months

Endorsements, 10% Hazmat loads

Residency, ""IA, IL, IN, MO, OH""

Shift / Schedule, 5 or 14 days out

Work Days, Varies

Hiring Area, Midwest"
Hogan,Dollar Tree Odessa,TX,79766,50,N/A,"Category, Details

Job Description, Multi-stop retail delivery with physical unloading.

Freight Type, Dry Van

Driver Type, Company Driver (Solo)

Home Time, Weekly

Home Time Duration, 34-hour reset

Dedicated Account?, Yes (Dollar Tree)

Avg Weekly Miles, ""1,984""

No Touch Freight, No

Driver Load / Unload, Yes (Hand unload with rollers)","Category, Details

Average Weekly Pay, ""$1,704 - $1,843""

CPM Range, .70 - .73 cpm

Stop Pay, $45

Short Haul Pay, N/A

Bonuses, $3,000 Referral Bonus

Training Pay, $200/Day (2 weeks)

Accessorial Pay, $100 Trailer Unload; $10 Safe Stop Bonus

Holiday Pay, $80.00","Category, Details

Equipment Type, TAS (Freightliner/International)

Transmission Type, Automatic

Engine, Not Specified

Camera Orientation, Not Specified

Bunks, Yes","Category, Details

SAP Drivers, No

Teams Accepted, No

Owner Operators, No

Trainees, No","Category, Details

Experience Required, 6 Months

Endorsements, Not Specified

Residency, ""NM, TX""

Shift / Schedule, 5-6 day work week

Work Days, Varies (Mon-Sat deliveries)

Hiring Area, ""AZ, NM, UT, NV, TX, CO"""
JB Hunt,Mountaire Frozen,DE,19966,50,N/A,"Category, Details

Job Description, Poultry distribution in the Northeast, including NYC boroughs.

Freight Type, Reefer (Poultry)

Driver Type, Company Driver (Solo)

Home Time, Weekly

Home Time Duration, 34-hour reset

Dedicated Account?, Yes (Mountaire Farms)

Avg Weekly Miles, ""2,121""

No Touch Freight, Yes

Driver Load / Unload, No (Live Unload)","Category, Details

Average Weekly Pay, ""$1,692""

CPM Range, .74 - .76 cpm

Stop Pay, Not Specified (Avg 5/week)

Short Haul Pay, N/A

Bonuses, Paid Holidays (6)

Training Pay, Paid Orientation: $125 total

Accessorial Pay, Detention after 2 hours; $200 Standby Pay

Holiday Pay, $140.00","Category, Details

Equipment Type, Single bunk sleeper

Transmission Type, Automatics and Manuals

Engine, Not Specified

Camera Orientation, Front Facing (Event Only)

Bunks, Yes","Category, Details

SAP Drivers, Yes (1 year old)

Teams Accepted, No

Owner Operators, No

Trainees, No","Category, Details

Experience Required, 3 Months

Endorsements, Not Specified

Residency, ""DE, MD, NJ, VA""

Shift / Schedule, Tuesday-Saturday schedule

Work Days, Tue-Sat

Hiring Area, Northeast"
JB Hunt,Home Depot RDC - Monroe,OH,45050,50,N/A,"Category, Details

Job Description, Retail distribution with consistent start times.

Freight Type, Dry Van

Driver Type, Company Driver (Solo)

Home Time, Weekly

Home Time Duration, 34-48 hour reset

Dedicated Account?, Yes (Home Depot)

Avg Weekly Miles, ""1,900""

No Touch Freight, Yes

Driver Load / Unload, No (Receiver Unload/Drop)","Category, Details

Average Weekly Pay, ""$1,442 - $1,807""

CPM Range, .64 - .66 cpm

Stop Pay, Not Specified (Avg 10/week)

Short Haul Pay, N/A

Bonuses, Paid Holidays (6)

Training Pay, Paid Orientation: $125 total

Accessorial Pay, N/A

Holiday Pay, $140.00","Category, Details

Equipment Type, Sleeper Conventional

Transmission Type, Automatics and Manuals

Engine, Not Specified

Camera Orientation, Front Facing (Event Only)

Bunks, Yes","Category, Details

SAP Drivers, Yes (1 year old)

Teams Accepted, No

Owner Operators, No

Trainees, No","Category, Details

Experience Required, 3 Months

Endorsements, Hazmat within 90 days

Residency, ""IN, KY, OH""

Shift / Schedule, Monday-Friday (Sat rotation)

Work Days, Mon-Fri (Sat rotation every 3 wks)

Hiring Area, Midwest"
JB Hunt,Advance Auto Kutztown,PA,19530,50,N/A,"Category, Details

Job Description, Store delivery using liftgates and electric pallet jacks.

Freight Type, Dry Van (Auto Parts)

Driver Type, Company Driver (Solo)

Home Time, Weekly

Home Time Duration, Weekly reset

Dedicated Account?, Yes (Advance Auto)

Avg Weekly Miles, ""1,950""

No Touch Freight, No

Driver Load / Unload, Yes (Electric Pallet Jack)","Category, Details

Average Weekly Pay, ""$2,019""

CPM Range, .67 - .71 cpm

Stop Pay, $28 - $30

Short Haul Pay, N/A

Bonuses, Paid Holidays (6)

Training Pay, Trainee Pay: $300/Day

Accessorial Pay, Detention $20/hr; $50 Shop Shuttle

Holiday Pay, $200.00","Category, Details

Equipment Type, Sleeper Conventional

Transmission Type, Automatics and Manuals

Engine, Not Specified

Camera Orientation, Front Facing (Event Only)

Bunks, Yes","Category, Details

SAP Drivers, Yes (1 year old)

Teams Accepted, No

Owner Operators, No

Trainees, No","Category, Details

Experience Required, 3 Months

Endorsements, Hazmat before hire

Residency, ""NJ, PA""

Shift / Schedule, 2200-0100 start times

Work Days, Monday-Friday

Hiring Area, Northeast"
JB Hunt,Soft Lite Streetsboro,OH,45050,50,N/A,"Category, Details

Job Description, Regional home improvement product delivery.

Freight Type, Dry Van

Driver Type, Company Driver (Solo)

Home Time, Weekly

Home Time Duration, Weekly reset (34-48 hrs)

Dedicated Account?, Yes (Soft Lite)

Avg Weekly Miles, ""1,900""

No Touch Freight, Yes

Driver Load / Unload, No (Receiver Unload/Drop)","Category, Details

Average Weekly Pay, ""$1,600 - $1,730""

CPM Range, .60 cpm

Stop Pay, Not Specified (Avg 10/week)

Short Haul Pay, N/A

Bonuses, Paid Holidays (6)

Training Pay, Paid Orientation: $125 total

Accessorial Pay, N/A

Holiday Pay, $140.00","Category, Details

Equipment Type, Sleeper Conventional

Transmission Type, Automatics and Manuals

Engine, Not Specified

Camera Orientation, Front Facing (Event Only)

Bunks, Yes","Category, Details

SAP Drivers, Yes (1 year old)

Teams Accepted, No

Owner Operators, No

Trainees, No","Category, Details

Experience Required, 3 Months

Endorsements, Hazmat within 90 days

Residency, ""OH, PA""

Shift / Schedule, Monday-Friday (Sat rotation)

Work Days, Mon-Fri (Sat rotation every 3 wks)

Hiring Area, Midwest"
JB Hunt,Marvin Windows Reno,NV,89511,50,N/A,"Category, Details

Job Description, Long-haul regional route Reno to ND and back.

Freight Type, Dry Van (Windows/Lumber)

Driver Type, Company Driver (Solo)

Home Time, Weekly

Home Time Duration, Weekly reset

Dedicated Account?, Yes (Marvin Windows)

Avg Weekly Miles, ""3,400""

No Touch Freight, Yes

Driver Load / Unload, No (100% Drop/Hook)","Category, Details

Average Weekly Pay, ""$1,653""

CPM Range, .47 - .49 cpm

Stop Pay, $20

Short Haul Pay, N/A

Bonuses, Paid Holidays (6)

Training Pay, New Hire Training: $300/Day

Accessorial Pay, $18/hr; $15/hr Safety Training

Holiday Pay, $200.00","Category, Details

Equipment Type, Single Bunk Sleeper (Automatic)

Transmission Type, Automatics and Manuals

Engine, Not Specified

Camera Orientation, Front Facing (Event Only)

Bunks, Yes","Category, Details

SAP Drivers, Yes (1 year old)

Teams Accepted, No

Owner Operators, No

Trainees, No","Category, Details

Experience Required, 3 Months

Endorsements, Not Specified

Residency, ""CA, NV""

Shift / Schedule, Sunday-Friday (6am-12pm starts)

Work Days, Sun-Fri

Hiring Area, West"
Carrier,Title,State,Zip code,Hiring radius miles,Multi zip codes,Job Details,Pay Details,Equipment Details,Key Disqualifiers,Requirements
Epes,ICL Local Greensboro,NC,27401,50,N/A,"Category, Details

Job Description, PU and Deliver Containers to the ports.

Freight Type, Container (Intermodal)

Driver Type, Company Driver (Solo)

Home Time, Daily

Home Time Duration, Weekends Off

Dedicated Account?, Yes (ICL)

Avg Weekly Miles, ""1,800 - 2,000""

No Touch Freight, Yes

Driver Load / Unload, No","Category, Details

Average Weekly Pay, ""$950 - $1,025""

CPM Range, $0.51 - $0.54 (Annual increases)

Stop Pay, N/A

Short Haul Pay, N/A

Bonuses, $25 Hazmat pay per load

Training Pay, Paid Orientation: $125 - $225

Accessorial Pay, N/A

Holiday Pay, Avg of prior 52 weeks","Category, Details

Equipment Type, Day cab or Sleeper

Transmission Type, Not Specified

Engine, Not Specified

Camera Orientation, Not Specified

Bunks, Varies (Slip Seat)","Category, Details

SAP Drivers, No

Teams Accepted, No

Owner Operators, No

Trainees, No","Category, Details

Experience Required, 12 Months

Endorsements, TWIC and Hazmat Required

Residency, Greensboro / Charlotte area

Shift / Schedule, 12-hour shifts (AM/PM)

Work Days, Mon - Friday

Hiring Area, ""NC, SC"""
JB Hunt,Harim Group - Harbeson DE,DE,19951,50,N/A,"Category, Details

Job Description, Delivering frozen chicken to DCs and retailers; includes NYC borough deliveries.

Freight Type, Reefer (Frozen Foods)

Driver Type, Company Driver (Solo)

Home Time, Weekly

Home Time Duration, 34-hour reset (Out 3 nights/week)

Dedicated Account?, Yes (Harim Group)

Avg Weekly Miles, ""1,800""

No Touch Freight, No (90% Lumper / 10% Driver)

Driver Load / Unload, Yes (10% Hand/Pallet Jack/Dollies)","Category, Details

Average Weekly Pay, ""$1,653 ($86,000 Annual)""

CPM Range, $0.67 - $0.70 cpm

Stop Pay, Not Specified (Avg 6/week)

Short Haul Pay, N/A

Bonuses, Paid Holidays (6)

Training Pay, Training: $200; Safety: $20/hr

Accessorial Pay, $50-$100 for driver unload; Detention after 2 hrs

Holiday Pay, $140.00","Category, Details

Equipment Type, Sleeper Conventional

Transmission Type, Automatic

Engine, Not Specified

Camera Orientation, Front Facing (Event Only)

Bunks, Yes","Category, Details

SAP Drivers, Yes (1 year old)

Teams Accepted, No

Owner Operators, No

Trainees, No","Category, Details

Experience Required, 3 Months

Endorsements, Not Specified

Residency, Within 50 miles of Harbeson; DE

Shift / Schedule, 1700-0300 pickup window; night work

Work Days, 6 Day Work Week

Hiring Area, Northeast"
JB Hunt,Home Depot RDC - Van Buren,OH,45889,50,N/A,"Category, Details

Job Description, Delivery from RDC to stores; includes vendor backhauls.

Freight Type, Dry Van (53' Box Trailer)

Driver Type, Company Driver (Solo)

Home Time, Weekly

Home Time Duration, Weekly reset (Mon-Fri with Sat/Sun rotation)

Dedicated Account?, Yes (Home Depot)

Avg Weekly Miles, ""1,921""

No Touch Freight, Yes

Driver Load / Unload, No (Receiver Unload/Drop)","Category, Details

Average Weekly Pay, ""$1,634 ($85,000 Annual)""

CPM Range, $0.70 - $0.74 cpm

Stop Pay, $5 - $20 (15 min increments)

Short Haul Pay, N/A

Bonuses, $25 Hazmat pay per load; Paid Holidays (6)

Training Pay, New hire: $250/day; Safety: $20/hr

Accessorial Pay, Breakdown: $15/hr

Holiday Pay, $140.00","Category, Details

Equipment Type, Sleeper Conventional

Transmission Type, Not Specified

Engine, Not Specified

Camera Orientation, Front Facing (Event Only)

Bunks, Yes","Category, Details

SAP Drivers, Yes (1 year old)

Teams Accepted, No

Owner Operators, No

Trainees, No","Category, Details

Experience Required, 3 Months

Endorsements, Hazmat within 90 days

Residency, Within 50 miles of Van Buren; OH

Shift / Schedule, 0200-0600 start times; 10-14 hour shifts

Work Days, Mon-Fri (Rotating Sat/Sun 1 in 3)

Hiring Area, Midwest"
JB Hunt,"TSC Pendleton, IN",IN,46064,75,N/A,"Category, Details

Job Description, Deliver agriculture/lawn products to stores; requires parking truck at home.

Freight Type, Dry Van (53' Box Trailer)

Driver Type, Company Driver (Solo)

Home Time, Weekly

Home Time Duration, 34-hour restart (Out on road)

Dedicated Account?, Yes (Tractor Supply Co)

Avg Weekly Miles, ""1,500""

No Touch Freight, Yes

Driver Load / Unload, No (Live Unload/Drop & Hook)","Category, Details

Average Weekly Pay, ""$1,605 ($83,500 Annual)""

CPM Range, $0.70 - $0.72 cpm

Stop Pay, $45 - $55

Short Haul Pay, N/A

Bonuses, Daily Service Bonus ($65-$75)

Training Pay, Trainee: $250/day; Safety: $20/hr

Accessorial Pay, Trainer Pay: $50/day extra

Holiday Pay, N/A","Category, Details

Equipment Type, Automatic Sleepers (Freightliner/International)

Transmission Type, Automatic

Engine, Not Specified

Camera Orientation, Front Facing (Event Only)

Bunks, Yes","Category, Details

SAP Drivers, Yes (1 year old)

Teams Accepted, No

Owner Operators, No

Trainees, No","Category, Details

Experience Required, 3 Months

Endorsements, Not Specified

Residency, Must have nearby secure parking for tractor & trailer

Shift / Schedule, 0100 start time; early morning deliveries

Work Days, Monday - Saturday

Hiring Area, ""IL, IN, KY, MI, OH"""
Swift,Costco Heavy Haul Sumner,WA,98390,50,N/A,"Category, Details

Job Description, Heavy haul dry van loads running East and South from Sumner.

Freight Type, Dry Van (Heavy Haul)

Driver Type, Company Driver (Solo/Team)

Home Time, Weekly

Home Time Duration, Once a week to every few days

Dedicated Account?, Yes (Costco)

Avg Weekly Miles, ""2,000 - 3,000""

No Touch Freight, Yes

Driver Load / Unload, No (Drop & Hook/Live Unload)","Category, Details

Average Weekly Pay, ""$1,400 - $1,800""

CPM Range, Not Specified

Stop Pay, $15.00

Short Haul Pay, Same as OTR

Bonuses, Swift Driver Performance Bonus (DPP)

Training Pay, Paid Orientation: $300

Accessorial Pay, N/A

Holiday Pay, Yes","Category, Details

Equipment Type, Heavy Haul Tractors

Transmission Type, Not Specified

Engine, Not Specified

Camera Orientation, Not Specified

Bunks, Yes","Category, Details

SAP Drivers, No

Teams Accepted, Yes

Owner Operators, No

Trainees, Yes","Category, Details

Experience Required, 0 Months (Trainees accepted)

Endorsements, None

Residency, Within 50 miles of Sumner; WA

Shift / Schedule, Day/Night Shifts; Weekends required

Work Days, Varies

Hiring Area, ""WA, ID"""
Swift,Tucson OTR Drivers,AZ,85706,50,N/A,"Category, Details

Job Description, Full 48-state OTR operations based out of Tucson Yard.

Freight Type, Dry Van

Driver Type, Company Driver (Solo)

Home Time, 3 Weeks

Home Time Duration, Varies (OTR standard)

Dedicated Account?, No (OTR)

Avg Weekly Miles, ""1,800 - 2,100""

No Touch Freight, Yes

Driver Load / Unload, No (Mix of Live/Drop & Hook)","Category, Details

Average Weekly Pay, ""$1,100""

CPM Range, OTR Pay scale

Stop Pay, Not Specified

Short Haul Pay, Not Specified

Bonuses, Driver Ranking Bonus (Commitment/Safety)

Training Pay, Paid Orientation: $300

Accessorial Pay, Load/Unload Assist if required

Holiday Pay, Yes","Category, Details

Equipment Type, Dry Van Tractors

Transmission Type, Not Specified

Engine, Not Specified

Camera Orientation, Not Specified

Bunks, Yes","Category, Details

SAP Drivers, No

Teams Accepted, No

Owner Operators, No

Trainees, Yes","Category, Details

Experience Required, 0 Months (Trainees accepted)

Endorsements, None

Residency, Within 50 miles of Tucson; AZ

Shift / Schedule, 48-state OTR

Work Days, Varies

Hiring Area, Arizona"
,,,,,,,,,,
Swift,Eastern Regional Fleet - Syracuse,NY,13212,200,N/A,"Category, Details

Job Description, Regional dry van operation running the Eastern Seaboard; loads remain East of the Mississippi.

Freight Type, Dry Van

Driver Type, Company Driver (Solo/Team)

Home Time, Bi-Weekly

Home Time Duration, Every two weeks; weekends

Dedicated Account?, No (OTR-DRY)

Avg Weekly Miles, ""2,500""

No Touch Freight, Yes

Driver Load / Unload, No (Live Load/Unload/Drop & Hook)","Category, Details

Average Weekly Pay, ""$1,200 - $1,400""

CPM Range, $0.55 - $0.65 (Experience-based)

Stop Pay, $15.00

Short Haul Pay, No short haul pay

Bonuses, Swift Driver Performance Bonus

Training Pay, Paid Orientation: $300 (If hired)

Accessorial Pay, N/A

Holiday Pay, Yes (When needed)","Category, Details

Equipment Type, Conventional Sleepers

Transmission Type, Not Specified

Engine, Not Specified

Camera Orientation, Not Specified

Bunks, Yes","Category, Details

SAP Drivers, No

Teams Accepted, Yes

Owner Operators, Yes

Trainees, Yes","Category, Details

Experience Required, 0 Months (Trainees accepted)

Endorsements, None required

Residency, Within 200 miles of Syracuse; NY

Shift / Schedule, Both Day/Night

Work Days, Varies (Includes weekends)

Hiring Area, ""CT, MA, NH, NY, RI, VT"""
Swift,"Target - Lake City, FL Teams",FL,32055,150,N/A,"Category, Details

Job Description, Dedicated Target team account; includes night driving into downtown Atlanta during rush hour.

Freight Type, Multi-Temp Reefer

Driver Type, Team Driver (Company)

Home Time, 2-3 Weeks

Home Time Duration, Every two to three weeks

Dedicated Account?, Yes (Target)

Avg Weekly Miles, ""2,000 - 4,600 (Team)""

No Touch Freight, Yes

Driver Load / Unload, No (Unload Assist)","Category, Details

Average Weekly Pay, ""$1,200 - $1,300 (Per Driver)""

CPM Range, Not Specified

Stop Pay, $25.00

Short Haul Pay, N/A

Bonuses, No bonus offer

Training Pay, Paid Orientation: $300 (If hired)

Accessorial Pay, Target Express pup loads (28' w/ liftgate)

Holiday Pay, Required to work all holidays","Category, Details

Equipment Type, Multi-Temp Reefer Units

Transmission Type, Not Specified

Engine, Not Specified

Camera Orientation, Not Specified

Bunks, Yes (Team Sleeper)","Category, Details

SAP Drivers, No

Teams Accepted, Yes (Required)

Owner Operators, Yes

Trainees, No","Category, Details

Experience Required, Trainee level (needs mentor)

Endorsements, None required

Residency, Within 150 miles of Lake City; FL

Shift / Schedule, Both Day/Night; Weekends required

Work Days, Varies (24/7/365 operation)

Hiring Area, ""FL, GA"""
Swift,"57G Reefer - Decatur Conley, GA",GA,30027,200,N/A,"Category, Details

Job Description, OTR refrigerated freight operations across Central and Eastern regions.

Freight Type, Reefer (OTR)

Driver Type, Company Driver (Solo)

Home Time, Bi-Weekly

Home Time Duration, Every two weeks

Dedicated Account?, No (OTR-Reefer)

Avg Weekly Miles, ""1,600 - 2,000 (Solo)""

No Touch Freight, Yes

Driver Load / Unload, No","Category, Details

Average Weekly Pay, ""$1,300 - $1,400""

CPM Range, Not Specified

Stop Pay, Not Specified

Short Haul Pay, Not Specified

Bonuses, N/A

Training Pay, Paid Orientation: $300 (If hired)

Accessorial Pay, N/A

Holiday Pay, Yes","Category, Details

Equipment Type, Refrigerated Units

Transmission Type, Not Specified

Engine, Not Specified

Camera Orientation, Not Specified

Bunks, Yes","Category, Details

SAP Drivers, No

Teams Accepted, Yes (Trainee teams only; solo positions open)

Owner Operators, Yes

Trainees, Yes","Category, Details

Experience Required, 0 Months (Trainees accepted)

Endorsements, None required

Residency, Within 200 miles of Decatur; GA area

Shift / Schedule, Both Day/Night; weekends/holidays required

Work Days, Varies

Hiring Area, ""AL, FL, GA, IL, IN, KY, MD, MS, NC, OH, PA, SC, TN, VA"""
Swift,Eastern Regional Fleet - Harrisburg,PA,17038,200,N/A,"Category, Details

Job Description, Regional dry van running the Eastern seaboard hubbed in Harrisburg.

Freight Type, Dry Van

Driver Type, Company Driver (Solo/Team)

Home Time, Bi-Weekly

Home Time Duration, Every two weeks

Dedicated Account?, No (OTR-DRY)

Avg Weekly Miles, ""2,000""

No Touch Freight, Yes

Driver Load / Unload, No (Live/Drop & Hook)","Category, Details

Average Weekly Pay, ""$1,000 - $1,200""

CPM Range, $0.55 - $0.65 (Experience-based)

Stop Pay, $15.00

Short Haul Pay, No short haul pay

Bonuses, Performance bonus plan

Training Pay, Paid Orientation: $300 (If hired)

Accessorial Pay, N/A

Holiday Pay, Yes","Category, Details

Equipment Type, Dry Van Sleeper

Transmission Type, Not Specified

Engine, Not Specified

Camera Orientation, Not Specified

Bunks, Yes","Category, Details

SAP Drivers, No

Teams Accepted, Yes

Owner Operators, Yes

Trainees, Yes","Category, Details

Experience Required, 0 Months (Trainees accepted)

Endorsements, None required

Residency, Within 200 miles of Harrisburg; PA area

Shift / Schedule, Both Day/Night; Weekends required

Work Days, Varies

Hiring Area, ""DE, MD, NJ, PA, WV"""
Swift,Eastern Regional Fleet - Greer,SC,29651,200,N/A,"Category, Details

Job Description, Regional dry van operation running North/South along the East coast.

Freight Type, Dry Van

Driver Type, Company Driver (Solo/Team)

Home Time, Bi-Weekly

Home Time Duration, Every two weeks; weekends

Dedicated Account?, No (OTR-DRY)

Avg Weekly Miles, ""2,500""

No Touch Freight, Yes

Driver Load / Unload, No","Category, Details

Average Weekly Pay, ""$1,200 - $1,400""

CPM Range, $0.55 - $0.65 (Experience-based)

Stop Pay, $15.00

Short Haul Pay, No short haul pay

Bonuses, Performance bonus plan

Training Pay, Paid Orientation: $300 (If hired)

Accessorial Pay, N/A

Holiday Pay, Yes","Category, Details

Equipment Type, Dry Van Sleeper

Transmission Type, Not Specified

Engine, Not Specified

Camera Orientation, Not Specified

Bunks, Yes","Category, Details

SAP Drivers, No

Teams Accepted, Yes

Owner Operators, Yes

Trainees, Yes","Category, Details

Experience Required, 0 Months (Trainees accepted)

Endorsements, None required

Residency, Within 200 miles of Greer; SC area

Shift / Schedule, Both Day/Night; Weekends/Holidays required

Work Days, Varies

Hiring Area, ""NC, SC"""
Swift,"Flatbed - Eastern Regional - Greer, SC",SC,29651,50,20001,"Category, Details

Job Description, Regional flatbed operation requiring securement and tarping in all weather.

Freight Type, Flatbed

Driver Type, Company Driver (Solo/Team)

Home Time, 2-3 Weeks

Home Time Duration, Every 2–3 weeks

Dedicated Account?, No (OTR-FLATBED)

Avg Weekly Miles, ""2,500""

No Touch Freight, Yes (No load/unload; but must secure/tarp)

Driver Load / Unload, No","Category, Details

Average Weekly Pay, ""$1,300""

CPM Range, Not Specified (Line haul pay)

Stop Pay, $15.00

Short Haul Pay, No short haul pay

Bonuses, No bonus offer

Training Pay, Securement class pay: $140 per day

Accessorial Pay, Tarp Pay: $65

Holiday Pay, Yes","Category, Details

Equipment Type, Flatbed Trailers with securement/PPE

Transmission Type, Not Specified

Engine, Not Specified

Camera Orientation, Not Specified

Bunks, Yes","Category, Details

SAP Drivers, No

Teams Accepted, Yes

Owner Operators, Yes

Trainees, Yes","Category, Details

Experience Required, 0 Months (Trainees accepted)

Endorsements, None required

Residency, Within 50 miles of Gary; Greer; or Laredo hubs

Shift / Schedule, Both Day/Night; Weekends/Holidays required

Work Days, Varies (Physical exercise required)

Hiring Area, ""GA, IN, KS, KY, MI, NC, OH, SC, TX"""
Barr-Nunn,OTR 18 North,NC,28202,50,N/A,"Category, Details

Job Description, Over-the-road mileage fleet with predictable home time cycles.

Freight Type, Dry Van

Driver Type, Company Driver (Solo)

Home Time, 18 Days Out

Home Time Duration, 5 days home

Dedicated Account?, No (OTR)

Avg Weekly Miles, Not Specified

No Touch Freight, Yes

Driver Load / Unload, No","Category, Details

Average Weekly Pay, ""$1,807 - $2,096 ($94k-$109k Annual)""

CPM Range, Band Pay (Higher CPM for hauls <400 miles)

Stop Pay, Not Specified

Short Haul Pay, Yes (Band Pay)

Bonuses, CSA Safety Bonus ($700-$875/90 days); On-Road Bonus ($600/90 days)

Training Pay, Orientation Pay: $300

Accessorial Pay, Transition Bonus on 1st check

Holiday Pay, N/A","Category, Details

Equipment Type, Late-model Tractors

Transmission Type, Not Specified

Engine, Not Specified

Camera Orientation, Not Specified

Bunks, Yes","Category, Details

SAP Drivers, No

Teams Accepted, No

Owner Operators, No

Trainees, No","Category, Details

Experience Required, 9 Months

Endorsements, Hazmat (Higher bonus if held)

Residency, ""IA, IL, MO, NC, TN, OH, PA""

Shift / Schedule, 18 days on / 5 days off

Work Days, Varies

Hiring Area, North / Midwest"
Barr-Nunn,OTR 21 North,NC,28202,50,N/A,"Category, Details

Job Description, OTR fleet with a 3-week on; 1-week off schedule.

Freight Type, Dry Van

Driver Type, Company Driver (Solo)

Home Time, 21 Days Out

Home Time Duration, 7 days home

Dedicated Account?, No (OTR)

Avg Weekly Miles, Not Specified

No Touch Freight, Yes

Driver Load / Unload, No","Category, Details

Average Weekly Pay, ""$1,730 - $2,153 ($90k-$112k Annual)""

CPM Range, Band Pay (Rewarding short hauls)

Stop Pay, Not Specified

Short Haul Pay, Yes (Band Pay)

Bonuses, CSA Safety Bonus ($700-$875/90 days); Anniversary Bonus ($100/year)

Training Pay, Orientation Pay: $300

Accessorial Pay, PasSmart Safety Bonus (68 MPH access)

Holiday Pay, N/A","Category, Details

Equipment Type, Late-model Tractors

Transmission Type, Not Specified

Engine, Not Specified

Camera Orientation, Not Specified

Bunks, Yes","Category, Details

SAP Drivers, No

Teams Accepted, No

Owner Operators, No

Trainees, No","Category, Details

Experience Required, 9 Months

Endorsements, Hazmat encouraged

Residency, ""AL, FL, GA, LA, ME, CT, DE, MD, MA, MS, NH, NJ""

Shift / Schedule, 21 days on / 7 days off

Work Days, Varies

Hiring Area, East Coast / South"
Barr-Nunn,Teams - Mileage Fleet Only,NC,28202,50,N/A,"Category, Details

Job Description, High-mileage team operation with scheduled home time every 18 days.

Freight Type, Dry Van

Driver Type, Team Driver (Company)

Home Time, 18 Days Out

Home Time Duration, 5 days home

Dedicated Account?, No (OTR Team)

Avg Weekly Miles, Not Specified

No Touch Freight, Yes

Driver Load / Unload, No","Category, Details

Average Weekly Pay, ""$3,923 - $4,615 (Combined Team Pay)""

CPM Range, Not Specified

Stop Pay, Not Specified

Short Haul Pay, No

Bonuses, Team CSA Safety Bonus ($825-$1,025 each/90 days); On-Road Bonus ($600/90 days)

Training Pay, Orientation Pay: $300 per driver

Accessorial Pay, Team Transition Bonus on 1st check

Holiday Pay, N/A","Category, Details

Equipment Type, Late-model Tractors

Transmission Type, Not Specified

Engine, Not Specified

Camera Orientation, Not Specified

Bunks, Yes (Team Sleeper)","Category, Details

SAP Drivers, No

Teams Accepted, Yes (Required)

Owner Operators, No

Trainees, No","Category, Details

Experience Required, 9 Months

Endorsements, Hazmat preferred

Residency, ""AL, AR, AZ, CO, CT, DE, FL, GA, IA, IL, IN, KS, KY, LA, MA, MD, ME, MI, MN, MO, MS, NC, NE, NH, NJ, NM, NY, OH, OK, PA, RI, SC, TN, TX, VA, VT, WI, WV""

Shift / Schedule, 18 days on / 5 days off

Work Days, 24/7 Team Operation

Hiring Area, All States (Except West Coast)"
CR England,OTR,IN,46304,50,N/A,"Category, Details

Job Description, Traditional over-the-road freight; excludes the Northeast region.

Freight Type, Reefer / Dry Van

Driver Type, Company Driver (Solo)

Home Time, 2-3 Weeks Out

Home Time Duration, 2-3 days home (averages 1 pass through home weekly)

Dedicated Account?, No (OTR)

Avg Weekly Miles, Not Specified

No Touch Freight, Yes

Driver Load / Unload, No","Category, Details

Average Weekly Pay, ""$1,500""

CPM Range, $0.45 - $0.555 (Experience-based)

Stop Pay, Not Specified

Short Haul Pay, N/A

Bonuses, Unlimited Cash Referral Program; Bonus Incentives

Training Pay, 3-day APHE (Advanced Post Hire Education); orientation paid min wage

Accessorial Pay, N/A

Holiday Pay, Yes","Category, Details

Equipment Type, Freightliner Cascadia (primarily); Internationals

Transmission Type, Automatic

Engine, Not Specified

Camera Orientation, Not Specified

Bunks, Yes","Category, Details

SAP Drivers, No

Teams Accepted, Yes

Owner Operators, No

Trainees, No","Category, Details

Experience Required, 3 Months

Endorsements, Not Specified

Residency, Central / West / South US

Shift / Schedule, OTR throughout country (minus NE)

Work Days, Varies

Hiring Area, ""AR, CO, IL, IN, IA, MO, NE, OK, WI, AZ, CA, UT, NV, TX"""
,,,,,,,,,,
Epes,System (OTR),VA,23219,50,N/A,"Category, Details

Job Description, Dry van irregular route OTR operations running all areas in the Epes system.

Freight Type, Dry Van (Irregular Route)

Driver Type, Company Driver (Solo)

Home Time, Weekly

Home Time Duration, Weekly reset

Dedicated Account?, No (System OTR)

Avg Weekly Miles, ""2,160""

No Touch Freight, Yes

Driver Load / Unload, No (65% Drop & Hook)","Category, Details

Average Weekly Pay, ""$1,287 ($1,712 for top earners)""<br>CPM Range, $0.55 base (+$0.25 NE Premium)<br>Stop Pay, Yes (See CO Benefits)<br>Short Haul Pay, Guaranteed min pay based on 1,500 miles<br>Bonuses, Utilization Bonus (+$.03 to +$.09); High Value Load (+$.04/mile)

Training Pay, Paid Orientation: $125 - $225

Accessorial Pay, NYC; Canada; Hazmat; Tolls; Layover; Wait Time

Holiday Pay, Avg of prior 52 weeks","Category, Details

Equipment Type, Day Cab or Sleeper (Slip Seat)

Transmission Type, Not Specified

Engine, Not Specified

Camera Orientation, Not Specified

Bunks, Varies","Category, Details

SAP Drivers, No

Teams Accepted, No

Owner Operators, No

Trainees, No","Category, Details

Experience Required, 12 Months

Endorsements, Not Specified

Residency, See Hiring Map

Shift / Schedule, Irregular Route OTR

Work Days, Varies (Home weekly)

Hiring Area, ""CT, GA, MD, NC, NJ, NY, PA, SC, VA, WV"""
Epes,X – System Driver,VA,23219,50,N/A,"Category, Details

Job Description, Dry van regional system driver operating in VA; NC; SC; GA; and FL.

Freight Type, Dry Van

Driver Type, Company Driver (Solo)

Home Time, Weekly

Home Time Duration, Weekly reset

Dedicated Account?, No (System X)

Avg Weekly Miles, ""1,900""

No Touch Freight, No (Unload required)

Driver Load / Unload, Yes (65% Drop & Hook)","Category, Details

Average Weekly Pay, ""$1,045 ($1,403 for top earners)""<br>CPM Range, $0.55 base<br>Stop Pay, Yes (See CO Benefits)<br>Short Haul Pay, Guaranteed min pay based on 1,500 miles<br>Bonuses, Utilization Bonus (+$.03 to +$.09); High Value Load (+$.04/mile)

Training Pay, Paid Orientation: $125 - $225

Accessorial Pay, Hazmat; Tolls; Layover; Wait Time

Holiday Pay, Avg of prior 52 weeks","Category, Details

Equipment Type, Day Cab or Sleeper (Slip Seat)

Transmission Type, Not Specified

Engine, Not Specified

Camera Orientation, Not Specified

Bunks, Varies","Category, Details

SAP Drivers, No

Teams Accepted, No

Owner Operators, No

Trainees, No","Category, Details

Experience Required, 12 Months

Endorsements, Not Specified

Residency, See Hiring Map

Shift / Schedule, Regionalized system routes

Work Days, Varies (Home weekly)

Hiring Area, ""GA, NC, SC, TN, TX, VA"""
Mast,Trainee (Mast 1.0-3.0),OH,44654,50,N/A,"Category, Details

Job Description, Full CDL training program from school phase to solo OTR driving.

Freight Type, Reefer / Dry Van

Driver Type, Student / Trainee

Home Time, Weekly / Flexible

Home Time Duration, Varies by phase (Fri/Sat resets common after solo)

Dedicated Account?, No (Training Program)

Avg Weekly Miles, ""11,000 in 4-5 wks (Trainer phase)""

No Touch Freight, Yes

Driver Load / Unload, No","Category, Details

Average Weekly Pay, ""$9.30/hr (Mast 1.0); $0.22/mile (Mast 2.0)""

CPM Range, $0.50 base after solo (Mast 3.0)

Stop Pay, $20 (excluding first stop)

Short Haul Pay, N/A

Bonuses, Performance Pay up to $150/month; +$0.08 CPM 19-Tour Premium

Training Pay, $9.30/hr classroom; $0.22/mile with trainer

Accessorial Pay, Scorecard-based incentives starting after 75 days

Holiday Pay, Yes (after 1 year)","Category, Details

Equipment Type, Automatic Trucks

Transmission Type, Automatic (Restriction added to CDL)

Engine, Not Specified

Camera Orientation, Not Specified

Bunks, Yes","Category, Details

SAP Drivers, No

Teams Accepted, No

Owner Operators, No

Trainees, Yes (Primary focus)","Category, Details

Experience Required, 0 Months (Trainees Only)

Endorsements, Class A Permit recommended prior to arrival

Residency, Ohio area preferred for training center access

Shift / Schedule, Mon-Fri during school; HOS-based with trainer/solo

Work Days, Varies (flexible options after 30 days solo)

Hiring Area, Ohio"
National,OTR (NCI),MO,64106,50,N/A,"Category, Details

Job Description, Long-haul refrigerated freight with permanently assigned late-model equipment.

Freight Type, Reefer

Driver Type, Company Driver (Solo)

Home Time, 3-4 Weeks

Home Time Duration, 1 day off for every 6 days out (max 4 days)

Dedicated Account?, No (OTR)

Avg Weekly Miles, ""2,600 - 2,800""

No Touch Freight, Yes

Driver Load / Unload, No (50% Drop & Hook)","Category, Details

Average Weekly Pay, ""$1,200 - $1,400+ Gross""

CPM Range, $0.50 Line Haul + $0.03-$0.04 Accessorial

Stop Pay, Included in Accessorial CPM

Short Haul Pay, N/A

Bonuses, $3,000 Sign-On Bonus (Experienced only); $0.04 Performance Bonus

Training Pay, Paid Orientation: $250 (3 days)

Accessorial Pay, APU; Refrigerator; Inverter included in equipment

Holiday Pay, Yes","Category, Details

Equipment Type, 2019-2021 Kenworth T-680 (Assigned)

Transmission Type, Automatics and Manuals

Engine, Not Specified

Camera Orientation, Front-facing (Event-only)

Bunks, Double Bunk","Category, Details

SAP Drivers, No

Teams Accepted, Yes

Owner Operators, No

Trainees, No","Category, Details

Experience Required, 6 Months

Endorsements, 10% Hazmat loads

Residency, ""AL, AR, CO, FL, GA, IL, IN, IA, KS, KY, LA, MD, MI, MN, MS, MO, NE, NJ, NM, NC, OH, OK, PA, SC, TN, TX"" (Plus others)

Shift / Schedule, OTR nationwide

Work Days, Varies (3-4 weeks out)

Hiring Area, Nationwide (All 48 states)"
Sharkey,13-15 Days Out,IL,62301,50,N/A,"Category, Details

Job Description, Regional/OTR dry van with high miles and premium-free family insurance.

Freight Type, Dry Van

Driver Type, Company Driver (Solo)

Home Time, Bi-Weekly

Home Time Duration, 13-15 days out / 3 days off

Dedicated Account?, No

Avg Weekly Miles, Not Specified (miles >2,000 pay $1/mi)

No Touch Freight, Yes

Driver Load / Unload, No","Category, Details

Average Weekly Pay, ""$1,600 - $1,900""

CPM Range, $0.55 - $0.59 CPM ($1/mi for miles >2,000)

Stop Pay, Not Specified

Short Haul Pay, N/A

Bonuses, $2,000 Sign-On Bonus

Training Pay, Paid Orientation: $300 (2.5 days)

Accessorial Pay, Premium-free family health insurance (no cost to driver)

Holiday Pay, Not Specified","Category, Details

Equipment Type, Sleeper Conventional

Transmission Type, Not Specified

Engine, Not Specified

Camera Orientation, Not Specified

Bunks, Yes","Category, Details

SAP Drivers, No

Teams Accepted, No

Owner Operators, No

Trainees, No","Category, Details

Experience Required, 6 Months (Verifiable)

Endorsements, Not Specified

Residency, ""IA, IL, IN, KS, MN, MO, NE, OH, WI, WV""

Shift / Schedule, Regional / OTR

Work Days, 13-15 days on

Hiring Area, Midwest"
US Xpress,OTR Team,TN,37421,50,N/A,"Category, Details

Job Description, High-mileage 48-state team operation with significant utilization bonuses.

Freight Type, Dry Van

Driver Type, Team Driver (Company)

Home Time, 10-14 Days Out

Home Time Duration, 2 days home

Dedicated Account?, No (OTR Team)

Avg Weekly Miles, ""5,000+ (Team)""

No Touch Freight, Yes

Driver Load / Unload, No (80% Drop & Hook)","Category, Details

Average Weekly Pay, ""See Pay Scale (Top teams earn high utilization)""

CPM Range, $0.60 - $0.68 CPM Split (Experience-based)

Stop Pay, Not Specified

Short Haul Pay, N/A

Bonuses, ""$5,000 Split SOB; Safety Bonus (1 CPM split); Utilization Bonus (up to 16 CPM split)""

Training Pay, Paid Orientation (3 days)

Accessorial Pay, ""Hazmat Loads: $150 split; Detention: $12.50/hr split; Layover/Breakdown: $100""

Holiday Pay, Not Specified","Category, Details

Equipment Type, 2021 or Newer Freightliner Cascadia

Transmission Type, Automatics

Engine, Not Specified

Camera Orientation, Front Facing (Event Only)

Bunks, Yes (Team Sleeper)","Category, Details

SAP Drivers, No

Teams Accepted, Yes (Required)

Owner Operators, No

Trainees, No","Category, Details

Experience Required, 3 Months

Endorsements, Hazmat (Higher pay per load)

Residency, Nationwide (All 48 states)

Shift / Schedule, Team OTR

Work Days, Varies (10-14 days out)

Hiring Area, All States (Except South Florida/Local)"
USA Truck,OTR Team,AR,72956,100,N/A,"Category, Details

Job Description, Forced dispatch team operations covering all 48 states.

Freight Type, Dry Van (Dry Goods)

Driver Type, Team Driver (Company)

Home Time, 3 Weeks Out

Home Time Duration, 3–4 days home

Dedicated Account?, No (OTR Team)

Avg Weekly Miles, ""5,000 - 6,000 (Team)""

No Touch Freight, Yes (95%)

Driver Load / Unload, No (5% Touch)","Category, Details

Average Weekly Pay, ""$2,800 Gross per driver""

CPM Range, $0.405+ per driver

Stop Pay, $30 per extra stop

Short Haul Pay, $25 + mileage (under 100 miles)

Bonuses, Holiday Pay ($700 for 7 holidays)

Training Pay, Orientation Pay: $85 per day

Accessorial Pay, ""Detention: $16/hr after 2 hrs; Breakdown: $75/day""

Holiday Pay, $700.00","Category, Details

Equipment Type, Sleeper Conventional

Transmission Type, Not Specified (Governed 66-68 MPH)

Engine, Not Specified

Camera Orientation, Inward Facing (Incident Activated)

Bunks, Yes (Team Sleeper)","Category, Details

SAP Drivers, No

Teams Accepted, Yes (Required)

Owner Operators, No

Trainees, No","Category, Details

Experience Required, 12 Months

Endorsements, Not Specified

Residency, ""TX, UT, NM, ID, FL"" (Specific zones/100 miles of partner)

Shift / Schedule, Forced Dispatch OTR

Work Days, HOS based

Hiring Area, ""Nationwide (Hiring East of I-35 statewide)"""
Swift,Eastern Regional Fleet - Richmond,VA,23231,200,N/A,"Category, Details

Job Description, Regional dry van operations staying East of the Mississippi River.

Freight Type, Dry Van

Driver Type, Company Driver (Solo/Team)

Home Time, Bi-Weekly

Home Time Duration, Every two weeks

Dedicated Account?, No (OTR-DRY)

Avg Weekly Miles, ""1,900 - 2,300""

No Touch Freight, Yes

Driver Load / Unload, No (Live/Drop & Hook)","Category, Details

Average Weekly Pay, ""$1,200 - $1,700""

CPM Range, $0.55 - $0.65 (Experience-based)

Stop Pay, $15.00

Short Haul Pay, No short haul pay

Bonuses, Swift Driver Performance Bonus

Training Pay, Paid Orientation: $300 (if hired)

Accessorial Pay, N/A

Holiday Pay, Yes","Category, Details

Equipment Type, Dry Van Sleeper

Transmission Type, Not Specified

Engine, Not Specified

Camera Orientation, Not Specified

Bunks, Yes","Category, Details

SAP Drivers, No

Teams Accepted, Yes

Owner Operators, Yes

Trainees, Yes","Category, Details

Experience Required, 0 Months (Trainees accepted)

Endorsements, None

Residency, Within 200 miles of Richmond; VA area

Shift / Schedule, Both Day/Night; Weekends required

Work Days, Varies (Out 2 weeks)

Hiring Area, ""NC, VA, WV, DC, MD"""
Swift,Eastern Regional Fleet - Detroit,MI,48127,200,N/A,"Category, Details

Job Description, Regional dry van hubbed in Detroit; operating across the Eastern planning zones.

Freight Type, Dry Van

Driver Type, Company Driver (Solo/Team)

Home Time, Bi-Weekly

Home Time Duration, Every two weeks

Dedicated Account?, No (OTR-DRY)

Avg Weekly Miles, ""2,100 - 2,500""

No Touch Freight, Yes

Driver Load / Unload, No","Category, Details

Average Weekly Pay, ""$1,200 - $1,400""

CPM Range, $0.50 - $0.56 (Experience-based)

Stop Pay, $15.00

Short Haul Pay, N/A

Bonuses, Swift Driver Performance Bonus

Training Pay, Paid Orientation: $300 (if hired)

Accessorial Pay, N/A

Holiday Pay, Yes","Category, Details

Equipment Type, Dry Van Sleeper

Transmission Type, Not Specified

Engine, Not Specified

Camera Orientation, Not Specified

Bunks, Yes","Category, Details

SAP Drivers, No

Teams Accepted, Yes

Owner Operators, No

Trainees, Yes","Category, Details

Experience Required, 0 Months (Trainees accepted)

Endorsements, None

Residency, Within 200 miles of 48127 (Detroit area)

Shift / Schedule, Both Day/Night; Weekends required

Work Days, Varies

Hiring Area, ""IN, MI, NY, OH, PA, WV (Operating most Eastern states)"""
Swift,Armada Southeast,GA,30344,50,28147,"Category, Details

Job Description, SE Regional dedicated reefer account; half of loads are live.

Freight Type, Reefer (DED-REF)

Driver Type, Company Driver (Solo)

Home Time, Bi-Weekly

Home Time Duration, Every two weeks

Dedicated Account?, Yes (Armada)

Avg Weekly Miles, ""1,800""

No Touch Freight, Yes

Driver Load / Unload, No (Live Load/Unload/Drop & Hook)","Category, Details

Average Weekly Pay, ""$1,400""

CPM Range, $0.60 starting (.01 increase every 7 months exp)

Stop Pay, No Stop Pay

Short Haul Pay, Same as OTR

Bonuses, No bonus offer

Training Pay, Paid Orientation: $300 (if hired)

Accessorial Pay, Must have 2 load straps at all times

Holiday Pay, Work when customer does (including holidays)","Category, Details

Equipment Type, Refrigerated Units

Transmission Type, Not Specified

Engine, Not Specified

Camera Orientation, Not Specified

Bunks, Yes","Category, Details

SAP Drivers, No

Teams Accepted, No

Owner Operators, No

Trainees, No","Category, Details

Experience Required, 12 Months

Endorsements, None

Residency, Within 50 miles of hub cities (Lexington; East Point; Salisbury; Pooler)

Shift / Schedule, Both Day/Night; Weekends/Holidays required

Work Days, Varies

Hiring Area, ""AL, GA, NC, TN"""
,,,,,,,,,,
Swift,Eastern Regional Fleet - Gary,IN,46406,180,N/A,"Category, Details

Job Description, Regional dry van operations in the Eastern U.S. (East of Mississippi).

Freight Type, Dry Van

Driver Type, Company Driver (Solo)

Home Time, Bi-Weekly

Home Time Duration, Every two weeks (Weekends)

Dedicated Account?, No (OTR-DRY)

Avg Weekly Miles, ""1,700""

No Touch Freight, Yes

Driver Load / Unload, No (Live/Drop & Hook)","Category, Details

Average Weekly Pay, ""$1,100""

CPM Range, See pay package

Stop Pay, Not Specified

Short Haul Pay, N/A

Bonuses, Driver Performance Bonus (Commitment/Safety)

Training Pay, Paid Orientation: $300

Accessorial Pay, N/A

Holiday Pay, As needed","Category, Details

Equipment Type, Conventional Sleepers

Transmission Type, Not Specified

Engine, Not Specified

Camera Orientation, Not Specified

Bunks, Yes","Category, Details

SAP Drivers, No

Teams Accepted, Yes

Owner Operators, Yes

Trainees, Yes","Category, Details

Experience Required, 0 Months (Trainees accepted)

Endorsements, None

Residency, Within 180 miles of Gary; IN

Shift / Schedule, Both Day/Night

Work Days, Weekend work required

Hiring Area, ""IL, IN, IA, MI, OH"""
US Xpress,OTR - Dallas Based,TX,75241,50,N/A,"Category, Details

Job Description, Nationwide OTR covering 48 states; most freight East of I-35. No forced NYC.

Freight Type, Dry Van (100% No-Touch)

Driver Type, Company Driver (Solo)

Home Time, 10-14 Days Out

Home Time Duration, 2 days home

Dedicated Account?, No (OTR)

Avg Weekly Miles, ""2,000 - 3,000""

No Touch Freight, Yes

Driver Load / Unload, No (50-60% Drop & Hook)","Category, Details

Average Weekly Pay, ""See Pay Scale ($1,000+)""

CPM Range, Performance Bonus up to 3 CPM

Stop Pay, Not Specified

Short Haul Pay, N/A (Avg LOH 400 miles)

Bonuses, $1,000 Sign-On Bonus (Experienced)

Training Pay, Student Trainer: +$250/week

Accessorial Pay, ""Detention: $12.50/hr (after 2 hrs); Layover/Breakdown: $100""

Holiday Pay, Not Specified","Category, Details

Equipment Type, 2021+ Freightliner or Kenworth

Transmission Type, Automatics

Engine, Not Specified

Camera Orientation, Not Specified

Bunks, Yes","Category, Details

SAP Drivers, No

Teams Accepted, No

Owner Operators, No

Trainees, No","Category, Details

Experience Required, 3 Months

Endorsements, Not Specified

Residency, Within 50 miles of Dallas; TX (Hiring OK, TX, AZ, NV)

Shift / Schedule, OTR Nationwide

Work Days, Varies

Hiring Area, Nationwide"
US Xpress,OTR - Memphis Based,TN,38118,50,N/A,"Category, Details

Job Description, Nationwide OTR operations with specialized support from Memphis hub.

Freight Type, Dry Van (100% No-Touch)

Driver Type, Company Driver (Solo)

Home Time, 10-14 Days Out

Home Time Duration, 2 days home

Dedicated Account?, No (OTR)

Avg Weekly Miles, ""2,000 - 3,000""

No Touch Freight, Yes

Driver Load / Unload, No","Category, Details

Average Weekly Pay, ""See Pay Scale""

CPM Range, Performance Bonus up to 3 CPM

Stop Pay, Not Specified

Short Haul Pay, N/A

Bonuses, $1,000 Sign-On Bonus (Experienced)

Training Pay, Paid Orientation (3 Days)

Accessorial Pay, ""Detention: $12.50/hr (after 2 hrs); Layover/Breakdown: $100""

Holiday Pay, Not Specified","Category, Details

Equipment Type, 2021+ Freightliner or Kenworth

Transmission Type, Automatics

Engine, Not Specified

Camera Orientation, Not Specified

Bunks, Yes","Category, Details

SAP Drivers, No

Teams Accepted, No

Owner Operators, No

Trainees, No","Category, Details

Experience Required, 3 Months

Endorsements, Not Specified

Residency, Within 50 miles of Memphis; TN

Shift / Schedule, OTR Nationwide

Work Days, Varies

Hiring Area, Nationwide"
US Xpress,OTR - Chicago Based,IL,60950,500,N/A,"Category, Details

Job Description, Chicago-based OTR with 48-state coverage. No forced NYC dispatch.

Freight Type, Dry Van (100% No-Touch)

Driver Type, Company Driver (Solo)

Home Time, 10-14 Days Out

Home Time Duration, 2 days home

Dedicated Account?, No (OTR)

Avg Weekly Miles, ""2,000 - 3,000""

No Touch Freight, Yes

Driver Load / Unload, No","Category, Details

Average Weekly Pay, ""See Pay Scale""

CPM Range, Performance Bonus up to 3 CPM

Stop Pay, Not Specified

Short Haul Pay, N/A

Bonuses, $1,000 Sign-On Bonus (Experienced)

Training Pay, Orientation Pay provided

Accessorial Pay, ""Detention: $12.50/hr; Layover/Breakdown: $100""

Holiday Pay, Not Specified","Category, Details

Equipment Type, 2021+ Freightliner or Kenworth

Transmission Type, Automatics

Engine, Not Specified

Camera Orientation, Not Specified

Bunks, Yes","Category, Details

SAP Drivers, No

Teams Accepted, No

Owner Operators, No

Trainees, No","Category, Details

Experience Required, 3 Months

Endorsements, Not Specified

Residency, Within 500 miles of Chicago terminal

Shift / Schedule, OTR Nationwide

Work Days, Varies

Hiring Area, ""IA, IL, KS, MO, WI"""
US Xpress,OTR - Springfield Based,OH,45502,50,N/A,"Category, Details

Job Description, Springfield-based OTR with flexible regionalized freight options.

Freight Type, Dry Van (100% No-Touch)

Driver Type, Company Driver (Solo)

Home Time, 10-14 Days Out

Home Time Duration, 2 days home

Dedicated Account?, No (OTR)

Avg Weekly Miles, ""2,000 - 3,000""

No Touch Freight, Yes

Driver Load / Unload, No","Category, Details

Average Weekly Pay, ""See Pay Scale""

CPM Range, Performance Bonus up to 3 CPM

Stop Pay, Not Specified

Short Haul Pay, N/A

Bonuses, $1,000 Sign-On Bonus (Experienced)

Training Pay, Paid Orientation (3 Days)

Accessorial Pay, ""Detention: $12.50/hr; Layover/Breakdown: $100""

Holiday Pay, Not Specified","Category, Details

Equipment Type, 2021+ Freightliner or Kenworth

Transmission Type, Automatics

Engine, Not Specified

Camera Orientation, Not Specified

Bunks, Yes","Category, Details

SAP Drivers, No

Teams Accepted, No

Owner Operators, No

Trainees, No","Category, Details

Experience Required, 3 Months

Endorsements, Not Specified

Residency, Within 50 miles of Springfield; OH

Shift / Schedule, OTR Nationwide

Work Days, Varies

Hiring Area, ""KY, OH, WV"""
US Xpress,OTR - Shippensburg Based,PA,17257,50,N/A,"Category, Details

Job Description, OTR company driver role based in PA. No NYC dispatch required.

Freight Type, Dry Van (100% No-Touch)

Driver Type, Company Driver (Solo)

Home Time, 10-14 Days Out

Home Time Duration, 2 days home

Dedicated Account?, No (OTR)

Avg Weekly Miles, ""2,000 - 3,000""

No Touch Freight, Yes

Driver Load / Unload, No","Category, Details

Average Weekly Pay, ""See Pay Scale""

CPM Range, Performance Bonus up to 3 CPM

Stop Pay, Not Specified

Short Haul Pay, N/A

Bonuses, $1,000 Sign-On Bonus (Experienced)

Training Pay, Paid Orientation (3 Days)

Accessorial Pay, ""Detention: $12.50/hr; Layover/Breakdown: $100""

Holiday Pay, Not Specified","Category, Details

Equipment Type, 2021+ Freightliner or Kenworth

Transmission Type, Automatics

Engine, Not Specified

Camera Orientation, Not Specified

Bunks, Yes","Category, Details

SAP Drivers, No

Teams Accepted, No

Owner Operators, No

Trainees, No","Category, Details

Experience Required, 3 Months

Endorsements, Not Specified

Residency, Within 50 miles of Shippensburg; PA

Shift / Schedule, OTR Nationwide

Work Days, Varies

Hiring Area, ""DE, NY, PA, VA"""
US Xpress,OTR - Tunnel Hill Based,GA,30755,50,N/A,"Category, Details

Job Description, OTR role out of Tunnel Hill. Choice between long-haul or regionalized freight.

Freight Type, Dry Van (100% No-Touch)

Driver Type, Company Driver (Solo)

Home Time, 10-14 Days Out

Home Time Duration, 2 days home

Dedicated Account?, No (OTR)

Avg Weekly Miles, ""2,000 - 3,000""

No Touch Freight, Yes

Driver Load / Unload, No","Category, Details

Average Weekly Pay, ""See Pay Scale""

CPM Range, Performance Bonus up to 3 CPM

Stop Pay, Not Specified

Short Haul Pay, N/A

Bonuses, $1,000 Sign-On Bonus (Experienced)

Training Pay, Student Trainer: +$250/week

Accessorial Pay, ""Detention: $12.50/hr; Layover/Breakdown: $100""

Holiday Pay, Not Specified","Category, Details

Equipment Type, 2021+ Freightliner or Kenworth

Transmission Type, Automatics

Engine, Not Specified

Camera Orientation, Not Specified

Bunks, Yes","Category, Details

SAP Drivers, No

Teams Accepted, No

Owner Operators, No

Trainees, No","Category, Details

Experience Required, 3 Months

Endorsements, Not Specified

Residency, Within 50 miles of Tunnel Hill; GA (THL)

Shift / Schedule, OTR Nationwide

Work Days, Varies

Hiring Area, ""AL, GA, TN"""
US Xpress,OTR - Duncan Based,SC,29334,50,N/A,"Category, Details

Job Description, South Carolina based OTR with 24/7 support. No forced NYC.

Freight Type, Dry Van (100% No-Touch)

Driver Type, Company Driver (Solo)

Home Time, 10-14 Days Out

Home Time Duration, 2 days home

Dedicated Account?, No (OTR)

Avg Weekly Miles, ""2,000 - 3,000""

No Touch Freight, Yes

Driver Load / Unload, No","Category, Details

Average Weekly Pay, ""See Pay Scale""

CPM Range, Performance Bonus up to 3 CPM

Stop Pay, Not Specified

Short Haul Pay, N/A

Bonuses, $1,000 Sign-On Bonus (Experienced)

Training Pay, Paid Orientation (3 Days)

Accessorial Pay, ""Detention: $12.50/hr; Layover/Breakdown: $100""

Holiday Pay, Not Specified","Category, Details

Equipment Type, 2021+ Freightliner or Kenworth

Transmission Type, Automatics

Engine, Not Specified

Camera Orientation, Not Specified

Bunks, Yes","Category, Details

SAP Drivers, No

Teams Accepted, No

Owner Operators, No

Trainees, No","Category, Details

Experience Required, 3 Months

Endorsements, Not Specified

Residency, Within 50 miles of Duncan; SC

Shift / Schedule, OTR Nationwide

Work Days, Varies

Hiring Area, ""NC, SC"""
,,,,,,,,,,
US Xpress,OTR Ellenwood Based,GA,30294,50,N/A,"Category, Details

Job Description, Nationwide OTR covering 48 states; most freight east of I-35. No forced NYC dispatch.

Freight Type, Dry Van (100% No-Touch)

Driver Type, Company Driver (Solo)

Home Time, 10–14 Days Out

Home Time Duration, 2 Days Home

Dedicated Account?, No (OTR)

Avg Weekly Miles, ""2,000 – 2,200""

No Touch Freight, Yes

Driver Load / Unload, No (50–60% Drop & Hook; 40–50% Live Unload)","Category, Details

Average Weekly Pay, ""See Pay Scale ($1,000+ Average)""

CPM Range, Performance Bonus: Up to 3 CPM extra

Stop Pay, Not Specified

Short Haul Pay, N/A (Avg haul 400 miles)

Bonuses, ""$1,000 Sign-On Bonus ($500 after 1st load, $500 after 30 days)""

Training Pay, Paid Orientation (3 Days)

Accessorial Pay, ""Detention ($12.50/hr after 2 hrs); Layover/Breakdown ($100/day)""

Holiday Pay, Not Specified","Category, Details

Equipment Type, 2021 or newer Freightliner or Kenworth

Transmission Type, Automatics

Engine, Not Specified

Camera Orientation, Not Specified

Bunks, Yes","Category, Details

SAP Drivers, No

Teams Accepted, No

Owner Operators, No

Trainees, No","Category, Details

Experience Required, 3 Months

Endorsements, Not Specified

Residency, Within 50 miles of Ellenwood; GA area

Shift / Schedule, Regionalized or OTR freight mix

Work Days, Varies (10–14 days out)

Hiring Area, Georgia"
US Xpress,OTR Jacksonville Based,FL,32218,50,N/A,"Category, Details

Job Description, Nationwide OTR covering 48 states; no set home time policy (flexible to needs). No forced NYC.

Freight Type, Dry Van (100% No-Touch)

Driver Type, Company Driver (Solo)

Home Time, 10–14 Days Out

Home Time Duration, 2 Days Home

Dedicated Account?, No (OTR)

Avg Weekly Miles, ""2,000 – 3,000""

No Touch Freight, Yes

Driver Load / Unload, No (50–60% Drop & Hook)","Category, Details

Average Weekly Pay, ""See Pay Scale""

CPM Range, Performance Bonus: Up to 3 CPM extra

Stop Pay, Not Specified

Short Haul Pay, N/A (Avg haul 400 miles)

Bonuses, ""$1,000 Sign-On Bonus ($500 after 1st load, $500 after 30 days)""

Training Pay, Student Trainer Fleet: +$250/week

Accessorial Pay, ""Detention ($12.50/hr after 2 hrs); Layover/Breakdown ($100/day)""

Holiday Pay, Not Specified","Category, Details

Equipment Type, 2021 or newer Freightliner or Kenworth

Transmission Type, Automatics

Engine, Not Specified

Camera Orientation, Not Specified

Bunks, Yes","Category, Details

SAP Drivers, No

Teams Accepted, No

Owner Operators, No

Trainees, No","Category, Details

Experience Required, 3 Months

Endorsements, Not Specified

Residency, Within 50 miles of Jacksonville; FL area

Shift / Schedule, Long-haul OTR or Regional mix

Work Days, Varies (10–14 days out)

Hiring Area, ""FL, GA, SC"""
US Xpress,Lease OTR,GA,30755,Statewide,N/A,"Category, Details

Job Description, Independent Contractor/Lease Purchase model focused on East of I-35 (Northeast, Southeast, Midwest).

Freight Type, Dry Van (100% No-Touch)

Driver Type, Lease Purchase (Solo)

Home Time, Every few weeks

Home Time Duration, Varies (Contractor determined)

Dedicated Account?, No (OTR)

Avg Weekly Miles, Not Specified

No Touch Freight, Yes

Driver Load / Unload, No","Category, Details

Average Weekly Pay, ""Variable (Net profit based model)""

CPM Range, ""$1.02 – $2.00 per mile (MRP Lease scale)""

Stop Pay, Not Specified

Short Haul Pay, Yes ($2.00/mi for 0–200 miles)

Bonuses, Fuel surcharge on all loaded miles; $0.05/gal fuel discount

Training Pay, No orientation pay for LPs

Accessorial Pay, ATBS cash flow assistance provided

Holiday Pay, N/A","Category, Details

Equipment Type, 2020–2024 International or Freightliner (Sleeper)

Transmission Type, Not Specified

Engine, Not Specified

Camera Orientation, Not Specified

Bunks, Yes","Category, Details

SAP Drivers, No

Teams Accepted, Yes (West Coast markets only)

Owner Operators, No (Lease Purchase Focus)

Trainees, No","Category, Details

Experience Required, 9 Months in last 3 years

Endorsements, Not Specified

Residency, ""EXCLUDES: CA, NY, IL, NJ, CT, WA, OR, MA, MD, PA""

Shift / Schedule, Walkaway lease; no credit check

Work Days, Varies (Contractor determines schedule)

Hiring Area, ""AL, AR, GA, IA, IN, KS, KY, LA, MI, MN, MS, MO, NE, NC, OH, OK, SC, SD, TN, TX, VA, WV, WI"""
Trans Am,OTR Solo,KS,66061,50,N/A,"Category, Details

Job Description, Long-haul refrigerated freight hauling beef; chicken; pork; and beer nationwide.

Freight Type, Reefer (99% No-Touch)

Driver Type, Company / LP / Owner Op

Home Time, 3–4 Weeks Out

Home Time Duration, 4 days home per month

Dedicated Account?, No (OTR)

Avg Weekly Miles, Not Specified

No Touch Freight, Yes

Driver Load / Unload, No (70% Drop & Hook)","Category, Details

Average Weekly Pay, ""$1,000 Guaranteed Gross Weekly Pay (Eligibility required)""

CPM Range, Not Specified (Experience-based)

Stop Pay, N/A

Short Haul Pay, N/A

Bonuses, Weekly performance bonus included in guarantee

Training Pay, ""$100/day (Company); $105/day (Contractor)""

Accessorial Pay, ""$100 Layover pay (after 24 hrs)""

Holiday Pay, Not Specified","Category, Details

Equipment Type, Kenworth T680 (Assigned; 4 years or newer)

Transmission Type, Automatics (Restriction accepted)

Engine, Not Specified

Camera Orientation, Outward-facing only

Bunks, Yes","Category, Details

SAP Drivers, No

Teams Accepted, No (Solo focus)

Owner Operators, Yes

Trainees, Yes (3 months exp required)","Category, Details

Experience Required, 3 Months

Endorsements, Not Specified

Residency, Must have safe parking for truck and trailer at home

Shift / Schedule, Day/Night driving; Hunts Point NYC delivery required

Work Days, Varies (Must work 22 of 28 days for guarantee)

Hiring Area, All 48 States"
Swift,Western Regional Comfort Zone,NV,89081,100,N/A,"Category, Details

Job Description, Regional dry van operation staying entirely West of the Mississippi line.

Freight Type, Dry Van

Driver Type, Company Driver (Solo/Team)

Home Time, Every Three Weeks

Home Time Duration, Varies (Regional OTR style)

Dedicated Account?, No (OTR Banded Pay)

Avg Weekly Miles, ""1,800""

No Touch Freight, Yes

Driver Load / Unload, No","Category, Details

Average Weekly Pay, ""$1,200""

CPM Range, OTR Banded Pay (Higher rate for shorter hauls)

Stop Pay, $15.00

Short Haul Pay, Same as OTR

Bonuses, Swift Driver Performance Bonus (up to $0.06/mi)

Training Pay, Paid Orientation: $300 (if hired)

Accessorial Pay, N/A

Holiday Pay, Yes","Category, Details

Equipment Type, Conventional Sleepers

Transmission Type, Not Specified

Engine, Not Specified

Camera Orientation, Not Specified

Bunks, Yes","Category, Details

SAP Drivers, No

Teams Accepted, Yes

Owner Operators, Yes

Trainees, Yes","Category, Details

Experience Required, 0 Months (Trainees accepted)

Endorsements, None required

Residency, Within 100 miles of Las Vegas metro area (89101–89183)

Shift / Schedule, Both day and night; weekend work required

Work Days, Varies (Comfort Zone focus)

Hiring Area, ""AZ, CA, NV, UT"""
Swift,Eastern Regional Fleet - Mobile,AL,36544,200,N/A,"Category, Details

Job Description, Regional dry van operation running the Eastern Seaboard; loads remain East of the Mississippi.

Freight Type, Dry Van

Driver Type, Company Driver (Solo/Team)

Home Time, Bi-Weekly

Home Time Duration, Every two weeks

Dedicated Account?, No (OTR-DRY)

Avg Weekly Miles, ""2,000 – 2,500""

No Touch Freight, Yes

Driver Load / Unload, No (Live Load/Unload/Drop & Hook)","Category, Details

Average Weekly Pay, ""$1,200 – $1,400""

CPM Range, $0.55 – $0.65 (Experience-based)

Stop Pay, $15.00

Short Haul Pay, No short haul pay

Bonuses, Swift Driver Performance Bonus

Training Pay, Paid Orientation: $300 (If hired)

Accessorial Pay, N/A

Holiday Pay, Yes","Category, Details

Equipment Type, Conventional Sleepers

Transmission Type, Not Specified

Engine, Not Specified

Camera Orientation, Not Specified

Bunks, Yes","Category, Details

SAP Drivers, No

Teams Accepted, Yes

Owner Operators, Yes

Trainees, Yes","Category, Details

Experience Required, 0 Months (Trainees accepted)

Endorsements, None required

Residency, Within 200 miles of Mobile; AL area

Shift / Schedule, Both day/night; weekends required

Work Days, Varies (Out 2 weeks)

Hiring Area, ""AL, FL, GA, LA, MS"""
Swift,SLC Linehaul Regional,UT,84120,300,N/A,"Category, Details

Job Description, Regional linehaul operation running the Western 11 states out of the SLC hub.

Freight Type, Dry Van (Good freight lanes)

Driver Type, Company Driver (Solo/Team)

Home Time, Bi-Weekly

Home Time Duration, Every two weeks

Dedicated Account?, No (OTR-DRY)

Avg Weekly Miles, ""1,900""

No Touch Freight, Yes

Driver Load / Unload, No (Mix of Preload/Drop & Hook)","Category, Details

Average Weekly Pay, ""$1,300 – $1,400""

CPM Range, $0.50 base (Banded pay for lower-mile loads)

Stop Pay, $15.00

Short Haul Pay, Same as OTR

Bonuses, Swift Driver Performance Bonus (DPP)

Training Pay, Paid Orientation: $300 (If hired)

Accessorial Pay, Unload pay if required

Holiday Pay, Home time requests honored for performers","Category, Details

Equipment Type, Sleeper Conventional

Transmission Type, Not Specified

Engine, Not Specified

Camera Orientation, Not Specified

Bunks, Yes","Category, Details

SAP Drivers, No

Teams Accepted, Yes

Owner Operators, Yes

Trainees, Yes","Category, Details

Experience Required, 0 Months (Trainees accepted)

Endorsements, None required

Residency, ""SLC (250 mi), Idaho Falls, Elko, Rock Springs, St. George""

Shift / Schedule, Both day/night; weekend work required

Work Days, Varies (Close to home terminal)

Hiring Area, ""ID, UT"""
PAM Transport,OTR Solo,TX,75061,Statewide,N/A,"Category, Details

Job Description, OTR dry goods and automotive freight with a 70% drop & hook ratio.

Freight Type, Dry Van

Driver Type, Company / LP / O-O

Home Time, 1–2 Weeks Out

Home Time Duration, Weekly reset (usually Sunday at home)

Dedicated Account?, No (OTR)

Avg Weekly Miles, ""2,500+""

No Touch Freight, Yes

Driver Load / Unload, No","Category, Details

Average Weekly Pay, ""$1,000 – $1,200 (Solo)""

CPM Range, $0.35 – $0.65 (Tenure & Tier based)

Stop Pay, $15 per stop

Short Haul Pay, N/A

Bonuses, ""$750 monthly safety bonus (8k miles); $1,500 Referral""

Training Pay, Orientation Pay: $200 (paid if hired)

Accessorial Pay, ""$75 Layover (24 hrs); Performance pay up to $0.10 CPM""

Holiday Pay, Yes (after 12 months)","Category, Details

Equipment Type, Sleepers (Automatic); Day Cabs (Manual)

Transmission Type, Automatic (Sleepers)

Engine, Not Specified

Camera Orientation, Not Specified

Bunks, Yes","Category, Details

SAP Drivers, No

Teams Accepted, Yes ($1,650/wk avg per driver)

Owner Operators, Yes

Trainees, Yes (Tuition assistance up to $7,000)","Category, Details

Experience Required, 0 Months (Trainees accepted)

Endorsements, Hazmat/Tanker for certain routes

Residency, Drivers may take trucks home during time off

Shift / Schedule, Mon–Sat schedule while out

Work Days, Monday – Saturday

Hiring Area, ""AL, FL, GA, IN, KS, KY, MD, MI, MS, MO, NJ, NC, OH, PA, SC, TN, TX, VA"""
Swift,Dry Van OTR Trainee,AZ,85043,Nationwide,N/A,"Category, Details

Job Description, Nationwide OTR trainee program covering 48 states in dry van; reefer; or flatbed.

Freight Type, Dry Van / Reefer / Flatbed

Driver Type, Trainee (Company)

Home Time, 3 Weeks Out

Home Time Duration, 21 days out / 3 days off

Dedicated Account?, No (OTR)

Avg Weekly Miles, Not Specified

No Touch Freight, Yes

Driver Load / Unload, No","Category, Details

Average Weekly Pay, ""$650 – $835 Weekly Flat Rate (State dependent)""

CPM Range, N/A (Flat weekly rate during training)

Stop Pay, Not Specified

Short Haul Pay, N/A

Bonuses, Driver Ranking Bonus (after training)

Training Pay, ""$130 – $167 Daily rate (State dependent)""

Accessorial Pay, Training stages last 4 to 6 weeks

Holiday Pay, N/A","Category, Details

Equipment Type, Mainly Freightliners (1.5 years avg age)

Transmission Type, 10 Speed & Automatics

Engine, Not Specified

Camera Orientation, Not Specified

Bunks, Yes","Category, Details

SAP Drivers, No

Teams Accepted, No

Owner Operators, No

Trainees, Yes (Primary focus)","Category, Details

Experience Required, 0 Months (Trainees Only)

Endorsements, None required for start

Residency, Nationwide (Varies by state minimum wage)

Shift / Schedule, 4 to 6 weeks training duration

Work Days, Varies (21 days out)

Hiring Area, All 48 States"
Swift,Reefer OTR,IN,46406,200,N/A,"Category, Details

Job Description, OTR refrigerated freight across all 48 states; regional loops available near major hubs.

Freight Type, Reefer

Driver Type, Company Driver (Solo/Team)

Home Time, 2–6 Weeks

Home Time Duration, Varies by lane (Regional: 1 week; True OTR: 3–4 weeks)

Dedicated Account?, No (OTR-Reefer)

Avg Weekly Miles, ""2,200 – 2,300+""

No Touch Freight, Yes

Driver Load / Unload, No","Category, Details

Average Weekly Pay, ""$650 Flat Rate (Trainees); $1,100+ (Experienced)""

CPM Range, Not Specified (OTR scale)

Stop Pay, $15.00

Short Haul Pay, Same as OTR

Bonuses, Swift Driver Performance Bonus

Training Pay, Paid Orientation: $300 (If hired)

Accessorial Pay, N/A

Holiday Pay, Yes","Category, Details

Equipment Type, Refrigerated Units (1.5 years avg age)

Transmission Type, 10 Speed & Automatics

Engine, Not Specified

Camera Orientation, Not Specified

Bunks, Yes","Category, Details

SAP Drivers, No

Teams Accepted, Yes

Owner Operators, Yes

Trainees, Yes","Category, Details

Experience Required, 0 Months (Trainees accepted)

Endorsements, None required

Residency, Near major Swift DQP terminals (Fontana; Gary; Lancaster; Atlanta)

Shift / Schedule, OTR nationwide or regional loops

Work Days, Varies

Hiring Area, ""AL, AR, AZ, CA, CO, DE, FL, GA, ID, IL, IN, KY, MD, MO, NC, NJ, OH, OR, PA, SC, TN, TX, VA, WA, WI, WV, WY"""
,,,,,,,,,,
Swift,Flatbed OTR,TX,78045,50,N/A,"Category, Details

Job Description, OTR flatbed hauling specialized freight; significant business in Laredo (Daimler/Chrysler) and Carolinas (chassis).

Freight Type, Flatbed

Driver Type, Company Driver (Solo)

Home Time, Varies

Home Time Duration, Regular home time in preferred zones; home under load required.

Dedicated Account?, No (OTR-Flatbed)

Avg Weekly Miles, Not Specified

No Touch Freight, Yes (Securement/Tarping required)

Driver Load / Unload, No","Category, Details

Average Weekly Pay, ""See Pay Scale""

CPM Range, Not Specified (Highest pay in Laredo)

Stop Pay, $15.00

Short Haul Pay, N/A

Bonuses, Swift Driver Performance Bonus

Training Pay, Securement class pay: $140 per day

Accessorial Pay, Tarp pay: $65; Securement class pay

Holiday Pay, Yes","Category, Details

Equipment Type, Flatbed trailers with securement gear

Transmission Type, 10 Speed & Automatics

Engine, Not Specified

Camera Orientation, Not Specified

Bunks, Yes","Category, Details

SAP Drivers, No

Teams Accepted, Yes

Owner Operators, Yes

Trainees, Yes","Category, Details

Experience Required, 0 Months (Trainees accepted)

Endorsements, None required

Residency, Must have secure area to park loaded trailer

Shift / Schedule, 48-state OTR

Work Days, Varies

Hiring Area, ""AL, AR, AZ, CA, CO, FL, GA, ID, IL, IN, IA, KS, KY, LA, MD, MI, MN, MS, MO, NE, NV, NJ, NM, NY, NC, ND, OH, OK, OR, PA, SC, SD, TN, TX, UT, VA, WA, WV, WI, WY"""
Pam,TJ Maxx Pre-Made Teams,GA,30349,50,N/A,"Category, Details

Job Description, Dedicated team run for TJ Maxx; high mileage with 100% drop and hook.

Freight Type, Dry Van (Retail)

Driver Type, Team Driver (Company)

Home Time, 2-3 Weeks

Home Time Duration, Out 2 weeks (3 weeks for harder areas like FL)

Dedicated Account?, Yes (TJ Maxx)

Avg Weekly Miles, ""5,000+ (Team)""

No Touch Freight, Yes

Driver Load / Unload, No (100% Drop & Hook)","Category, Details

Average Weekly Pay, ""$1,625 – $1,950+ per driver""

CPM Range, $0.60 cpm (Team split)

Stop Pay, No multi-stop

Short Haul Pay, N/A

Bonuses, Team safety bonus: $2,000/mo (18k miles)

Training Pay, Orientation Pay: $200 (if hired)

Accessorial Pay, Layover: $75; Mentor program eligible

Holiday Pay, Yes (after 1 year)","Category, Details

Equipment Type, Automatic Sleepers

Transmission Type, Automatic

Engine, Not Specified

Camera Orientation, Not Specified

Bunks, Yes (Team Sleeper)","Category, Details

SAP Drivers, No

Teams Accepted, Yes (Pre-made Only)

Owner Operators, No

Trainees, No","Category, Details

Experience Required, 3 Months

Endorsements, Not Specified

Residency, Must live in hiring tier zones

Shift / Schedule, High-utilization team driving

Work Days, Varies

Hiring Area, ""AL, AR, FL, GA, IN, KY, MD, MI, MS, MO, NJ, NC, OH, PA, SC, TN, TX, VA"""
Swift,56W Western Regional Reefer,UT,84120,50,N/A,"Category, Details

Job Description, Regional reefer operations covering the 11 Western states out of West Valley City.

Freight Type, Reefer

Driver Type, Company Driver (Solo)

Home Time, Bi-Weekly

Home Time Duration, Every two weeks

Dedicated Account?, No (OTR-REF)

Avg Weekly Miles, ""1,900 – 2,100""

No Touch Freight, Yes

Driver Load / Unload, No","Category, Details

Average Weekly Pay, ""$1,200 – $1,300""

CPM Range, $0.51 starting pay

Stop Pay, $15.00

Short Haul Pay, Same as OTR

Bonuses, Swift Driver Performance Bonus

Training Pay, Paid Orientation: $300

Accessorial Pay, N/A

Holiday Pay, Depends on driving associates","Category, Details

Equipment Type, Refrigerated Units

Transmission Type, Not Specified

Engine, Not Specified

Camera Orientation, Not Specified

Bunks, Yes","Category, Details

SAP Drivers, No

Teams Accepted, Yes

Owner Operators, Yes

Trainees, Yes","Category, Details

Experience Required, 0 Months (Trainees accepted)

Endorsements, None required

Residency, Within 50 miles of Western hubs (Sumner; Portland; LA)

Shift / Schedule, Both Day/Night; Weekends required

Work Days, Varies

Hiring Area, ""AZ, CA, NV, OR, UT, WA"""
Swift,515 - Gary OTR,IN,46406,100,N/A,"Category, Details

Job Description, Regional OTR dry van lanes running from the IN/IL hub to the Southeast U.S.

Freight Type, Dry Van

Driver Type, Company Driver (Solo)

Home Time, Bi-Weekly

Home Time Duration, Every two weeks

Dedicated Account?, No (OTR-DRY)

Avg Weekly Miles, ""1,700 – 2,000""

No Touch Freight, Yes

Driver Load / Unload, No","Category, Details

Average Weekly Pay, ""$1,000""

CPM Range, OTR Pay Package

Stop Pay, No stop pay

Short Haul Pay, Same as OTR

Bonuses, Swift Driver Performance Bonus

Training Pay, Paid Orientation: $300

Accessorial Pay, N/A

Holiday Pay, Yes","Category, Details

Equipment Type, Dry Van Sleeper

Transmission Type, Not Specified

Engine, Not Specified

Camera Orientation, Not Specified

Bunks, Yes","Category, Details

SAP Drivers, No

Teams Accepted, No

Owner Operators, No

Trainees, Yes","Category, Details

Experience Required, 0 Months (Trainees accepted)

Endorsements, None required

Residency, Within 100 miles of Gary; IN area

Shift / Schedule, Both day/night; Weekends required

Work Days, Varies (Out 2 weeks)

Hiring Area, ""IL, IN, MI, OH, WI"""
Bennett,Owner Operator,GA,30253,Nationwide,N/A,"Category, Details

Job Description, Independent contractor model for specialized heavy haul; OD; and repositioning loads.

Freight Type, Flatbed / Step-Deck / RGN / Stretch

Driver Type, Owner Operator

Home Time, Varies

Home Time Duration, 7-10 days out at a time

Dedicated Account?, No

Avg Weekly Miles, Not Specified (Avg weekly revenue $5,000)

No Touch Freight, Yes

Driver Load / Unload, No","Category, Details

Average Weekly Pay, ""$3,200 – $3,400 NET (after deductions)""

CPM Range, 65% – 77.7% of Linehaul Revenue

Stop Pay, 100% paid to contractor

Short Haul Pay, N/A

Bonuses, $3,000 Yearly Safety Bonus possible

Training Pay, Not paid; orientation 2 days

Accessorial Pay, 100% Fuel Surcharge; Tarps; Detention paid to driver

Holiday Pay, N/A","Category, Details

Equipment Type, 3 or 4-Axle Tractors (Contractor owned)

Transmission Type, Not Specified

Engine, Not Specified

Camera Orientation, Not Specified

Bunks, Yes","Category, Details

SAP Drivers, No

Teams Accepted, Yes

Owner Operators, Yes (Primary focus)

Trainees, No","Category, Details

Experience Required, 12 Months

Endorsements, TWIC/Hazmat helpful for specialized loads

Residency, Nationwide

Shift / Schedule, Specialized Heavy Haul & OD

Work Days, Varies (Contractor determined)

Hiring Area, All 48 States"
US Xpress,OTR - Phoenix Based,AZ,85043,50,N/A,"Category, Details

Job Description, OTR company driver role based in Phoenix. Most freight runs East of I-35.

Freight Type, Dry Van (100% No-Touch)

Driver Type, Company Driver (Solo)

Home Time, 10-14 Days Out

Home Time Duration, 2 days home

Dedicated Account?, No (OTR)

Avg Weekly Miles, ""2,000 - 3,000""

No Touch Freight, Yes

Driver Load / Unload, No","Category, Details

Average Weekly Pay, ""See Pay Scale""

CPM Range, Performance Bonus up to 3 CPM

Stop Pay, Not Specified

Short Haul Pay, N/A (Avg LOH 400 miles)

Bonuses, $1,000 Sign-On Bonus (Experienced)

Training Pay, Paid Orientation (3 Days)

Accessorial Pay, ""Detention: $12.50/hr; Layover/Breakdown: $100""

Holiday Pay, Not Specified","Category, Details

Equipment Type, 2021+ Freightliner or Kenworth

Transmission Type, Automatics

Engine, Not Specified

Camera Orientation, Not Specified

Bunks, Yes","Category, Details

SAP Drivers, No

Teams Accepted, No

Owner Operators, No

Trainees, No","Category, Details

Experience Required, 3 Months

Endorsements, Not Specified

Residency, Within 50 miles of Phoenix; AZ terminal

Shift / Schedule, OTR Nationwide

Work Days, Varies

Hiring Area, ""AZ, CO, NM, NV, TX"""
US Xpress,Quad Graphics (WV),WV,25405,150,N/A,"Category, Details

Job Description, Dedicated account for Quad Graphics hauling paper products and occasional ink loads.

Freight Type, Dry Van (No-Touch)

Driver Type, Company Driver (Solo)

Home Time, Bi-Weekly

Home Time Duration, Out 2 weeks; home 2 days

Dedicated Account?, Yes (Quad Graphics)

Avg Weekly Miles, ""2,000 – 2,400""

No Touch Freight, Yes

Driver Load / Unload, No (Avg 1-2 hr unload)","Category, Details

Average Weekly Pay, ""$1,400 ($72k+ Annual)""

CPM Range, $0.60 – $0.64 (Experience-based)

Stop Pay, $15 after 1st stop

Short Haul Pay, N/A

Bonuses, Paid vacation after tenure

Training Pay, Paid Orientation (3 Days)

Accessorial Pay, ""Detention: $15/hr (after 4 hrs); Layover: $100""

Holiday Pay, Not Specified","Category, Details

Equipment Type, Sleeper Conventional

Transmission Type, Automatics

Engine, Not Specified

Camera Orientation, Not Specified

Bunks, Yes","Category, Details

SAP Drivers, No

Teams Accepted, No

Owner Operators, No

Trainees, No","Category, Details

Experience Required, 3 Months

Endorsements, Tanker Required (Company reimburses; 90 days to get)

Residency, Within 150 miles of Martinsburg; WV

Shift / Schedule, All shifts (Days; Nights; Weekends)

Work Days, Varies (Out 2 weeks)

Hiring Area, ""DC, DE, MD, NJ, PA, WV"""
US Xpress,Quad Graphics (WI),WI,53089,150,N/A,"Category, Details

Job Description, Dedicated Midwest fleet for Quad Graphics; consistent mileage and paper product freight.

Freight Type, Dry Van (No-Touch)

Driver Type, Company Driver (Solo)

Home Time, Bi-Weekly

Home Time Duration, Out 2 weeks; home 2 days

Dedicated Account?, Yes (Quad Graphics)

Avg Weekly Miles, ""2,000 – 2,400""

No Touch Freight, Yes

Driver Load / Unload, No","Category, Details

Average Weekly Pay, ""$1,400 ($72k+ Annual)""

CPM Range, $0.60 – $0.64 (Experience-based)

Stop Pay, $15 after 1st stop

Short Haul Pay, N/A

Bonuses, Performance bonus available

Training Pay, Paid Orientation (3 Days)

Accessorial Pay, ""Detention: $15/hr; Layover: $100""

Holiday Pay, Not Specified","Category, Details

Equipment Type, Sleeper Conventional

Transmission Type, Automatics

Engine, Not Specified

Camera Orientation, Not Specified

Bunks, Yes","Category, Details

SAP Drivers, No

Teams Accepted, No

Owner Operators, No

Trainees, No","Category, Details

Experience Required, 3 Months

Endorsements, Tanker Required (Company reimburses; 90 days to get)

Residency, Within 150 miles of Sussex; WI

Shift / Schedule, All shifts (Days; Nights; Weekends)

Work Days, Varies (Out 2 weeks)

Hiring Area, ""IA, IL, IN, MI, WI"""
Swift,907 Western Regional Comfort Zone,AZ,85043,200,N/A,"Category, Details

Job Description, Regional dry van never more than a 3-day run from home; includes Midwest/Texas plains.

Freight Type, Dry Van

Driver Type, Company Driver (Solo/Team)

Home Time, Every Three Weeks

Home Time Duration, Varies (Near home focus)

Dedicated Account?, No (OTR-DRY)

Avg Weekly Miles, ""2,200 – 2,400""

No Touch Freight, Yes

Driver Load / Unload, No","Category, Details

Average Weekly Pay, ""$1,100 – $1,200""

CPM Range, OTR Pay scale

Stop Pay, Same as OTR

Short Haul Pay, Same as OTR

Bonuses, Swift Driver Performance Bonus

Training Pay, Paid Orientation: $300 (If hired)

Accessorial Pay, N/A

Holiday Pay, Yes","Category, Details

Equipment Type, Conventional Sleepers

Transmission Type, Not Specified

Engine, Not Specified

Camera Orientation, Not Specified

Bunks, Yes","Category, Details

SAP Drivers, No

Teams Accepted, Yes

Owner Operators, Yes

Trainees, Yes","Category, Details

Experience Required, 0 Months (Trainees accepted)

Endorsements, None required

Residency, Within 200 miles of Phoenix; AZ area

Shift / Schedule, Both day and night; Weekend work required

Work Days, Varies (Western U.S. focus)

Hiring Area, ""AZ, CA, NM, NV"""